Open,High,Low,Close,Adj Close,Volume
20377.619140625,20440.919921875,20293.44921875,20298.009765625,20298.009765625,0
20334.5390625,20378.75,20288.740234375,20373.859375,20373.859375,0
20333.359375,20377.23046875,20313.23046875,20320.609375,20320.609375,0
20325.900390625,20481.3203125,20324.619140625,20467.009765625,20467.009765625,0
20475.099609375,20479.140625,20408.970703125,20421.060546875,20421.060546875,0
20417.05078125,20465.490234375,20377.4296875,20445.740234375,20445.740234375,0
20433.779296875,20463.669921875,20392.849609375,20448.619140625,20448.619140625,0
20435.619140625,20463.2109375,20395.94921875,20443.830078125,20443.830078125,0
20443.900390625,20469.640625,20387.509765625,20400.919921875,20400.919921875,0
20445.970703125,20464.23046875,20380.44921875,20392.80078125,20392.80078125,0
20431.73046875,20431.73046875,20431.73046875,20431.73046875,20431.73046875,0
20412.25,20449.16015625,20387.439453125,20399.080078125,20399.080078125,0
20396.240234375,20456.19921875,20380.919921875,20394.509765625,20394.509765625,0
20416.630859375,20447.5703125,20328.439453125,20346.3203125,20346.3203125,0
20339.51953125,20407.240234375,20322.240234375,20397.2109375,20397.2109375,0
20401.310546875,20408.640625,20335.66015625,20391.1796875,20391.1796875,0
20382.689453125,20390.759765625,20322.640625,20371.580078125,20371.580078125,0
20337.849609375,20391.970703125,20303.44921875,20347.189453125,20347.189453125,0
20383.470703125,20386.580078125,20251.900390625,20322.099609375,20322.099609375,0
20291.720703125,20327.3203125,20236.19921875,20236.19921875,20236.19921875,0
20173.73046875,20249.619140625,20107.630859375,20187.4609375,20187.4609375,0
20188.349609375,20272.330078125,20188.349609375,20201.919921875,20201.919921875,0
20233.490234375,20269.8203125,20181.279296875,20204.849609375,20204.849609375,0
20262.94921875,20262.94921875,20187.2109375,20242.5,20242.5,0
20187.439453125,20278.4609375,20187.439453125,20217.330078125,20217.330078125,0
20206.30078125,20268.859375,20201.400390625,20228.130859375,20228.130859375,0
20263.810546875,20317.0390625,20201.0,20314.720703125,20314.720703125,0
20316.380859375,20346.970703125,20270.919921875,20285.470703125,20285.470703125,0
20245.7109375,20328.05078125,20245.7109375,20304.919921875,20304.919921875,0
20316.330078125,20344.689453125,20262.1796875,20307.109375,20307.109375,0
20306.890625,20306.890625,20306.890625,20306.890625,20306.890625,0
20299.869140625,20324.0390625,20265.830078125,20265.830078125,20265.830078125,0
20280.900390625,20334.150390625,20249.76953125,20263.599609375,20263.599609375,0
20266.900390625,20267.529296875,20200.859375,20214.48046875,20214.48046875,0
20210.310546875,20223.1796875,20160.490234375,20205.130859375,20205.130859375,0
20204.529296875,20241.5390625,20175.1796875,20227.330078125,20227.330078125,0
20284.419921875,20301.400390625,20225.689453125,20225.689453125,20225.689453125,0
20282.689453125,20312.75,20229.849609375,20297.44921875,20297.44921875,0
20297.44921875,20332.990234375,20248.109375,20312.609375,20312.609375,0
20270.44921875,20315.83984375,20250.58984375,20290.109375,20290.109375,0
20204.55078125,20205.630859375,20114.990234375,20148.890625,20148.890625,0
20126.349609375,20219.119140625,20126.349609375,20157.439453125,20157.439453125,0
20172.330078125,20200.0703125,20095.919921875,20095.919921875,20095.919921875,0
20087.359375,20188.400390625,20082.240234375,20123.830078125,20123.830078125,0
20177.4609375,20177.4609375,20085.05078125,20150.009765625,20150.009765625,0
20149.529296875,20152.349609375,20069.859375,20150.0703125,20150.0703125,0
20103.83984375,20172.7109375,20082.16015625,20115.609375,20115.609375,0
20111.439453125,20180.509765625,20098.44921875,20143.939453125,20143.939453125,0
20154.859375,20167.119140625,20087.9609375,20148.140625,20148.140625,0
20167.380859375,20167.380859375,20079.310546875,20147.0703125,20147.0703125,0
20146.6796875,20146.6796875,20146.6796875,20146.6796875,20146.6796875,0
20146.98046875,20163.3203125,20124.740234375,20137.689453125,20137.689453125,0
20142.58984375,20243.220703125,20112.830078125,20239.810546875,20239.810546875,0
20232.349609375,20270.060546875,20217.330078125,20261.490234375,20261.490234375,0
20307.01953125,20345.08984375,20267.2890625,20319.150390625,20319.150390625,0
20310.9609375,20433.380859375,20291.349609375,20433.380859375,20433.380859375,0
20439.599609375,20443.169921875,20331.390625,20364.80078125,20364.80078125,0
20360.25,20377.6796875,20297.51953125,20366.259765625,20366.259765625,0
20362.66015625,20363.259765625,20290.560546875,20301.23046875,20301.23046875,0
20330.779296875,20397.25,20308.669921875,20338.7890625,20338.7890625,0
20156.349609375,20247.390625,20135.880859375,20137.0703125,20137.0703125,0
20138.33984375,20248.490234375,20132.5703125,20233.9609375,20233.9609375,0
20237.16015625,20258.3203125,20175.80078125,20203.560546875,20203.560546875,0
20203.19921875,20268.849609375,20184.890625,20214.029296875,20214.029296875,0
20214.880859375,20286.779296875,20197.560546875,20242.740234375,20242.740234375,0
20226.19921875,20344.16015625,20222.849609375,20318.9609375,20318.9609375,0
20313.23046875,20379.060546875,20298.130859375,20342.48046875,20342.48046875,0
20315.140625,20416.400390625,20297.580078125,20371.0703125,20371.0703125,0
20363.580078125,20423.55078125,20336.98046875,20374.23046875,20374.23046875,0
20372.05078125,20397.94921875,20282.939453125,20351.099609375,20351.099609375,0
20341.0390625,20341.0390625,20341.0390625,20341.0390625,20341.0390625,0
20284.7890625,20327.509765625,20274.91015625,20319.130859375,20319.130859375,0
20323.189453125,20379.4609375,20293.609375,20379.4609375,20379.4609375,0
20363.759765625,20409.259765625,20317.640625,20409.259765625,20409.259765625,0
20357.1796875,20410.310546875,20262.990234375,20267.30078125,20267.30078125,0
20265.810546875,20327.759765625,20265.509765625,20284.83984375,20284.83984375,0
20289.30078125,20341.98046875,20263.189453125,20296.4296875,20296.4296875,0
20285.73046875,20347.4296875,20209.19921875,20214.359375,20214.359375,0
20211.439453125,20277.220703125,20162.05078125,20200.80078125,20200.80078125,0
20179.009765625,20222.189453125,20140.30078125,20199.66015625,20199.66015625,0
20124.869140625,20145.689453125,20048.380859375,20090.55078125,20090.55078125,0
20097.279296875,20175.150390625,20078.169921875,20084.919921875,20084.919921875,0
20067.94921875,20117.109375,20044.9609375,20052.599609375,20052.599609375,0
20051.439453125,20148.869140625,20051.439453125,20082.16015625,20082.16015625,0
20115.529296875,20134.51953125,20041.9296875,20085.169921875,20085.169921875,0
20082.509765625,20180.380859375,20058.01953125,20110.76953125,20110.76953125,0
20100.759765625,20175.119140625,20098.400390625,20116.470703125,20116.470703125,0
20123.66015625,20161.650390625,20083.51953125,20084.19921875,20084.19921875,0
20102.8203125,20162.439453125,20080.51953125,20124.490234375,20124.490234375,0
20117.25,20183.69921875,20098.380859375,20168.859375,20168.859375,0
20168.859375,20168.859375,20168.859375,20168.859375,20168.859375,0
20202.419921875,20202.419921875,20141.310546875,20161.810546875,20161.810546875,0
20183.98046875,20237.390625,20143.2890625,20227.0390625,20227.0390625,0
20193.150390625,20260.810546875,20180.80078125,20242.859375,20242.859375,0
20246.529296875,20262.419921875,20148.33984375,20154.029296875,20154.029296875,0
20170.9609375,20238.30078125,20141.689453125,20181.369140625,20181.369140625,0
20172.689453125,20250.560546875,20169.490234375,20192.5703125,20192.5703125,0
20189.259765625,20236.0703125,20165.25,20214.119140625,20214.119140625,0
20164.23046875,20220.720703125,20143.529296875,20198.98046875,20198.98046875,0
20204.880859375,20209.98046875,20140.05078125,20209.98046875,20209.98046875,0
20296.33984375,20397.490234375,20287.859375,20310.0,20310.0,0
20318.2890625,20352.83984375,20252.779296875,20298.189453125,20298.189453125,0
20294.220703125,20320.169921875,20240.240234375,20250.490234375,20250.490234375,0
20297.759765625,20336.119140625,20252.9609375,20276.169921875,20276.169921875,0
20310.849609375,20331.330078125,20253.599609375,20255.580078125,20255.580078125,0
20294.33984375,20325.009765625,20241.119140625,20302.330078125,20302.330078125,0
20304.810546875,20399.400390625,20304.509765625,20329.490234375,20329.490234375,0
20332.26953125,20397.109375,20308.4296875,20308.609375,20308.609375,0
20311.599609375,20362.6796875,20277.259765625,20290.66015625,20290.66015625,0
20303.939453125,20308.689453125,20207.2109375,20257.08984375,20257.08984375,0
20232.2890625,20232.2890625,20232.2890625,20232.2890625,20232.2890625,0
20266.8203125,20266.8203125,20266.8203125,20266.8203125,20266.8203125,0
20273.75,20368.609375,20207.73046875,20352.83984375,20352.83984375,0
20354.060546875,20361.919921875,20282.25,20298.76953125,20298.76953125,0
20298.529296875,20359.240234375,20292.150390625,20315.029296875,20315.029296875,0
20321.55078125,20418.630859375,20287.900390625,20354.779296875,20354.779296875,0
20354.779296875,20394.990234375,20328.169921875,20328.169921875,20328.169921875,0
20335.23046875,20396.509765625,20315.359375,20388.390625,20388.390625,0
20375.009765625,20416.359375,20346.970703125,20378.76953125,20378.76953125,0
20414.140625,20415.390625,20323.109375,20371.109375,20371.109375,0
20526.140625,20569.529296875,20468.599609375,20539.48046875,20539.48046875,0
20536.33984375,20588.099609375,20479.08984375,20553.9609375,20553.9609375,0
20528.919921875,20693.19921875,20528.919921875,20675.119140625,20675.119140625,0
20679.009765625,20710.029296875,20639.0703125,20671.23046875,20671.23046875,0
20694.630859375,20754.0,20657.720703125,20754.0,20754.0,0
20713.060546875,20770.41015625,20677.220703125,20770.41015625,20770.41015625,0
20759.0703125,20793.189453125,20714.310546875,20772.1796875,20772.1796875,0
20775.509765625,20789.349609375,20702.5390625,20733.439453125,20733.439453125,0
20786.150390625,20794.900390625,20712.630859375,20772.0703125,20772.0703125,0
20769.220703125,20791.470703125,20703.640625,20782.169921875,20782.169921875,0
20789.30078125,20789.30078125,20789.30078125,20789.30078125,20789.30078125,0
20771.76953125,20771.76953125,20766.80078125,20766.80078125,20766.80078125,0
20722.220703125,20843.810546875,20722.220703125,20800.48046875,20800.48046875,0
20797.2890625,20832.080078125,20735.650390625,20801.0703125,20801.0703125,0
20820.33984375,20820.33984375,20713.810546875,20764.80078125,20764.80078125,0
20791.859375,20801.560546875,20728.599609375,20757.779296875,20757.779296875,0
20798.140625,20810.939453125,20725.900390625,20754.0,20754.0,0
20792.01953125,20809.169921875,20716.810546875,20779.279296875,20779.279296875,0
20760.8203125,20817.0390625,20722.76953125,20765.529296875,20765.529296875,0
20789.650390625,20816.5703125,20730.669921875,20754.310546875,20754.310546875,0
20740.44921875,20862.880859375,20740.44921875,20847.240234375,20847.240234375,0
20807.140625,20877.869140625,20794.619140625,20877.150390625,20877.150390625,0
20846.900390625,20881.94921875,20797.890625,20838.26953125,20838.26953125,0
20799.779296875,20869.919921875,20775.810546875,20780.98046875,20780.98046875,0
20810.619140625,20902.7890625,20763.640625,20835.970703125,20835.970703125,0
20878.919921875,20903.880859375,20829.609375,20889.16015625,20889.16015625,0
20881.19921875,20921.69921875,20849.51953125,20849.51953125,20849.51953125,0
20922.55078125,20922.55078125,20847.94921875,20889.310546875,20889.310546875,0
20892.689453125,20922.44921875,20860.2109375,20903.7109375,20903.7109375,0
20894.939453125,20973.01953125,20858.80078125,20965.689453125,20965.689453125,0
20944.970703125,20944.970703125,20944.970703125,20944.970703125,20944.970703125,0
20945.009765625,20964.83984375,20901.0703125,20964.83984375,20964.83984375,0
20963.0703125,20963.0703125,20832.5703125,20873.390625,20873.390625,0
20886.94921875,20895.720703125,20815.939453125,20870.849609375,20870.849609375,0
20841.26953125,20909.310546875,20833.91015625,20902.91015625,20902.91015625,0
20887.6796875,20902.7890625,20832.849609375,20861.509765625,20861.509765625,0
20833.580078125,20918.109375,20833.580078125,20868.830078125,20868.830078125,0
20896.5390625,20961.970703125,20868.2890625,20945.7890625,20945.7890625,0
20898.849609375,20965.830078125,20884.23046875,20919.91015625,20919.91015625,0
20915.259765625,20964.390625,20883.69921875,20942.5390625,20942.5390625,0
20758.599609375,20865.140625,20758.599609375,20843.4609375,20843.4609375,0
20829.44921875,20877.029296875,20783.01953125,20851.939453125,20851.939453125,0
20865.41015625,20870.830078125,20773.58984375,20830.439453125,20830.439453125,0
20829.8203125,20870.099609375,20809.83984375,20846.029296875,20846.029296875,0
20808.5703125,20874.25,20803.060546875,20862.990234375,20862.990234375,0
20827.349609375,20921.990234375,20804.8203125,20854.400390625,20854.400390625,0
20875.439453125,20986.75,20875.439453125,20950.08984375,20950.08984375,0
20952.900390625,20965.3203125,20885.669921875,20957.58984375,20957.58984375,0
20948.16015625,20964.970703125,20823.66015625,20857.240234375,20857.240234375,0
20832.640625,20879.69921875,20771.25,20847.19921875,20847.19921875,0
20807.009765625,20807.009765625,20807.009765625,20807.009765625,20807.009765625,0
20845.33984375,20864.990234375,20845.33984375,20863.0390625,20863.0390625,0
20861.2890625,20911.150390625,20828.5,20870.310546875,20870.310546875,0
20885.470703125,20908.2890625,20836.58984375,20904.01953125,20904.01953125,0
20895.69921875,20902.169921875,20823.529296875,20868.169921875,20868.169921875,0
20858.330078125,20891.009765625,20748.4609375,20780.109375,20780.109375,0
20748.560546875,20845.83984375,20746.0390625,20840.740234375,20840.740234375,0
20821.6796875,20848.630859375,20772.189453125,20839.91015625,20839.91015625,0
20830.9609375,20917.029296875,20806.1796875,20903.220703125,20903.220703125,0
20904.279296875,20925.0703125,20835.359375,20880.33984375,20880.33984375,0
20946.060546875,20995.609375,20894.55078125,20910.25,20910.25,0
20944.5390625,21009.689453125,20890.259765625,20982.98046875,20982.98046875,0
20942.619140625,20983.2109375,20867.330078125,20898.349609375,20898.349609375,0
20883.599609375,20904.140625,20825.890625,20869.609375,20869.609375,0
20881.439453125,20901.970703125,20816.330078125,20881.76953125,20881.76953125,0
20878.9296875,20910.05078125,20836.099609375,20877.189453125,20877.189453125,0
20890.6796875,20974.400390625,20850.720703125,20933.080078125,20933.080078125,0
20981.58984375,21018.419921875,20946.439453125,21003.439453125,21003.439453125,0
21004.9296875,21049.25,20966.7890625,21029.189453125,21029.189453125,0
20980.30078125,21024.5,20949.060546875,20995.490234375,20995.490234375,0
20999.080078125,20999.080078125,20999.080078125,20999.080078125,20999.080078125,0
21022.720703125,21053.33984375,20951.58984375,20988.859375,20988.859375,0
20965.58984375,21029.169921875,20951.640625,20995.009765625,20995.009765625,0
21016.98046875,21048.240234375,20951.740234375,21022.279296875,21022.279296875,0
21035.76953125,21059.830078125,20968.529296875,20971.5703125,20971.5703125,0
21015.8203125,21067.9296875,20974.33984375,21001.98046875,21001.98046875,0
21039.9609375,21074.849609375,20989.51953125,21041.26953125,21041.26953125,0
21007.5,21072.48046875,20981.509765625,20981.509765625,20981.509765625,0
21038.240234375,21062.9296875,20984.580078125,21004.26953125,21004.26953125,0
21151.25,21161.05078125,21030.060546875,21073.08984375,21073.08984375,0
21113.640625,21157.509765625,21077.689453125,21139.7890625,21139.7890625,0
21137.490234375,21170.779296875,21098.58984375,21143.44921875,21143.44921875,0
21094.150390625,21178.9296875,21094.150390625,21123.55078125,21123.55078125,0
21124.75,21201.330078125,21123.169921875,21186.970703125,21186.970703125,0
21142.779296875,21192.5,21137.6796875,21176.970703125,21176.970703125,0
21155.08984375,21189.25,21117.080078125,21182.4296875,21182.4296875,0
21178.75,21188.029296875,21120.580078125,21170.25,21170.25,0
21182.5390625,21187.580078125,21121.7890625,21181.689453125,21181.689453125,0
21186.109375,21186.109375,21118.359375,21148.189453125,21148.189453125,0
21163.349609375,21163.349609375,21163.349609375,21163.349609375,21163.349609375,0
21117.91015625,21149.73046875,21117.91015625,21128.830078125,21128.830078125,0
21128.609375,21128.609375,21030.529296875,21063.330078125,21063.330078125,0
21061.720703125,21130.5703125,21034.390625,21086.5703125,21086.5703125,0
21080.01953125,21129.66015625,21066.05078125,21081.580078125,21081.580078125,0
21069.76953125,21125.919921875,21045.66015625,21094.51953125,21094.51953125,0
21081.830078125,21099.419921875,21025.76953125,21056.490234375,21056.490234375,0
21053.060546875,21085.7890625,20989.169921875,21045.560546875,21045.560546875,0
21052.23046875,21084.779296875,20987.69921875,21018.8203125,21018.8203125,0
21019.599609375,21091.150390625,21017.01953125,21082.9609375,21082.9609375,0
21011.01953125,21011.01953125,20884.919921875,20913.7109375,20913.7109375,0
20915.4296875,20989.7890625,20866.169921875,20966.189453125,20966.189453125,0
20961.26953125,20989.939453125,20910.75,20936.23046875,20936.23046875,0
20937.689453125,20995.119140625,20928.8203125,20995.119140625,20995.119140625,0
20990.939453125,20997.220703125,20921.490234375,20978.4609375,20978.4609375,0
20978.400390625,20988.5703125,20894.470703125,20894.970703125,20894.970703125,0
20887.1796875,20963.05078125,20843.51953125,20960.849609375,20960.849609375,0
20947.119140625,20961.5,20886.939453125,20891.66015625,20891.66015625,0
20898.80078125,20962.55078125,20857.490234375,20892.58984375,20892.58984375,0
20850.109375,20931.380859375,20831.16015625,20931.380859375,20931.380859375,0
20901.869140625,20901.869140625,20901.869140625,20901.869140625,20901.869140625,0
20872.279296875,20897.349609375,20853.94921875,20885.580078125,20885.580078125,0
20880.5,20950.130859375,20862.58984375,20890.900390625,20890.900390625,0
20927.55078125,20950.849609375,20880.7890625,20906.4296875,20906.4296875,0
20938.94921875,20950.150390625,20871.689453125,20904.08984375,20904.08984375,0
20938.390625,20942.5,20869.830078125,20922.5703125,20922.5703125,0
20941.9296875,20956.599609375,20887.119140625,20956.599609375,20956.599609375,0
20954.01953125,20955.599609375,20875.189453125,20935.19921875,20935.19921875,0
20938.0390625,20956.48046875,20885.4296875,20929.830078125,20929.830078125,0
20933.83984375,20978.029296875,20910.740234375,20931.94921875,20931.94921875,0
20879.390625,20899.849609375,20818.220703125,20833.390625,20833.390625,0
20837.08984375,20931.130859375,20811.169921875,20897.599609375,20897.599609375,0
20856.580078125,20979.0703125,20856.580078125,20941.5390625,20941.5390625,0
20938.490234375,20943.759765625,20873.69921875,20927.970703125,20927.970703125,0
20924.900390625,20924.900390625,20821.130859375,20837.279296875,20837.279296875,0
20833.91015625,20882.439453125,20822.390625,20825.689453125,20825.689453125,0
20824.029296875,20894.560546875,20816.130859375,20823.720703125,20823.720703125,0
20822.080078125,20876.5390625,20806.51953125,20834.41015625,20834.41015625,0
20830.51953125,20877.859375,20798.939453125,20860.66015625,20860.66015625,0
20859.990234375,20876.990234375,20799.740234375,20808.609375,20808.609375,0
20822.1796875,20822.1796875,20822.1796875,20822.1796875,20822.1796875,0
20896.4609375,20907.849609375,20859.76953125,20896.869140625,20896.869140625,0
20912.759765625,20933.220703125,20866.25,20884.580078125,20884.580078125,0
20884.669921875,20937.869140625,20873.75,20874.8203125,20874.8203125,0
20865.609375,20934.740234375,20853.849609375,20879.080078125,20879.080078125,0
20882.41015625,20905.98046875,20832.470703125,20905.98046875,20905.98046875,0
20895.859375,20901.98046875,20821.009765625,20883.029296875,20883.029296875,0
20886.98046875,20886.98046875,20820.9609375,20855.380859375,20855.380859375,0
20863.7109375,20891.220703125,20814.759765625,20829.7890625,20829.7890625,0
20858.05078125,20902.759765625,20819.720703125,20864.55078125,20864.55078125,0
20899.0390625,20917.2890625,20850.900390625,20885.75,20885.75,0
20890.490234375,20906.240234375,20793.08984375,20842.939453125,20842.939453125,0
20837.73046875,20851.689453125,20717.01953125,20754.4296875,20754.4296875,0
20756.630859375,20763.30078125,20670.08984375,20733.76953125,20733.76953125,0
20730.669921875,20731.94921875,20660.509765625,20697.490234375,20697.490234375,0
20696.140625,20697.5390625,20611.25,20655.580078125,20655.580078125,0
20611.939453125,20713.630859375,20608.099609375,20706.740234375,20706.740234375,0
20683.26953125,20725.919921875,20647.16015625,20725.919921875,20725.919921875,0
20680.80078125,20720.9609375,20656.630859375,20703.580078125,20703.580078125,0
20701.3203125,20717.98046875,20628.470703125,20636.669921875,20636.669921875,0
20706.69921875,20706.69921875,20706.69921875,20706.69921875,20706.69921875,0
20660.51953125,20699.58984375,20656.779296875,20696.779296875,20696.779296875,0
20695.75,20720.66015625,20632.630859375,20636.080078125,20636.080078125,0
20635.83984375,20728.890625,20635.83984375,20678.470703125,20678.470703125,0
20706.220703125,20727.6796875,20650.0390625,20704.05078125,20704.05078125,0
20707.80078125,20716.23046875,20649.029296875,20676.5703125,20676.5703125,0
20675.009765625,20694.30078125,20626.740234375,20685.91015625,20685.91015625,0
20688.830078125,20702.349609375,20620.169921875,20679.119140625,20679.119140625,0
20675.1796875,20704.849609375,20619.69921875,20656.30078125,20656.30078125,0
20691.970703125,20704.189453125,20630.650390625,20682.3203125,20682.3203125,0
20546.630859375,20597.2109375,20509.83984375,20573.44921875,20573.44921875,0
20599.490234375,20628.55078125,20528.91015625,20588.439453125,20588.439453125,0
20587.33984375,20631.5,20535.279296875,20580.66015625,20580.66015625,0
20633.9609375,20665.05078125,20598.240234375,20655.2109375,20655.2109375,0
20654.150390625,20724.83984375,20600.099609375,20705.169921875,20705.169921875,0
20668.419921875,20732.41015625,20633.4296875,20685.640625,20685.640625,0
20683.9609375,20700.080078125,20630.33984375,20660.919921875,20660.919921875,0
20664.859375,20689.060546875,20620.0390625,20679.359375,20679.359375,0
20673.859375,20684.689453125,20602.650390625,20647.66015625,20647.66015625,0
20644.490234375,20677.08984375,20600.130859375,20648.240234375,20648.240234375,0
20650.580078125,20650.580078125,20650.580078125,20650.580078125,20650.580078125,0
20676.240234375,20676.240234375,20634.740234375,20634.740234375,20634.740234375,0
20634.740234375,20751.609375,20606.900390625,20720.099609375,20720.099609375,0
20736.939453125,20749.849609375,20668.83984375,20740.609375,20740.609375,0
20740.3203125,20771.25,20671.26953125,20746.9609375,20746.9609375,0
20751.830078125,20762.990234375,20690.580078125,20717.150390625,20717.150390625,0
20745.740234375,20756.16015625,20672.359375,20732.439453125,20732.439453125,0
20742.5703125,20757.80078125,20683.4296875,20749.470703125,20749.470703125,0
20706.669921875,20758.029296875,20675.560546875,20675.560546875,20675.560546875,0
20742.0703125,20760.9296875,20680.650390625,20740.580078125,20740.580078125,0
20817.349609375,20817.349609375,20679.109375,20725.41015625,20725.41015625,0
20728.5,20763.2109375,20650.439453125,20759.470703125,20759.470703125,0
20754.169921875,20833.400390625,20754.169921875,20768.240234375,20768.240234375,0
20778.4609375,20825.390625,20751.0,20769.990234375,20769.990234375,0
20810.529296875,20814.259765625,20719.7890625,20757.7890625,20757.7890625,0
20724.130859375,20803.01953125,20715.060546875,20757.509765625,20757.509765625,0
20784.830078125,20796.1796875,20727.279296875,20731.810546875,20731.810546875,0
20725.08984375,20801.060546875,20719.91015625,20733.2109375,20733.2109375,0
20733.08984375,20791.650390625,20705.849609375,20764.619140625,20764.619140625,0
20727.240234375,20832.1796875,20721.279296875,20792.810546875,20792.810546875,0
20810.150390625,20810.150390625,20810.150390625,20810.150390625,20810.150390625,0
20825.2109375,20825.2109375,20744.41015625,20753.439453125,20753.439453125,0
20764.439453125,20856.029296875,20761.169921875,20799.369140625,20799.369140625,0
20838.580078125,20861.7890625,20779.33984375,20846.30078125,20846.30078125,0
20792.23046875,20864.73046875,20788.51953125,20809.619140625,20809.619140625,0
20812.44921875,20893.25,20797.4609375,20862.080078125,20862.080078125,0
20858.490234375,20902.759765625,20816.109375,20833.5703125,20833.5703125,0
20891.0,20902.6796875,20825.9296875,20877.509765625,20877.509765625,0
20875.080078125,20896.470703125,20815.740234375,20836.099609375,20836.099609375,0
20826.349609375,20888.189453125,20806.630859375,20879.44921875,20879.44921875,0
20911.6796875,20998.080078125,20908.869140625,20979.44921875,20979.44921875,0
20934.830078125,21001.470703125,20901.130859375,20945.109375,20945.109375,0
20909.01953125,21007.5390625,20895.029296875,20998.55078125,20998.55078125,0
20996.689453125,21024.970703125,20940.9609375,21005.359375,21005.359375,0
21011.890625,21028.740234375,20934.58984375,20953.560546875,20953.560546875,0
21008.130859375,21008.130859375,20930.310546875,20982.580078125,20982.580078125,0
20939.310546875,20992.80078125,20913.01953125,20976.08984375,20976.08984375,0
20911.73046875,20989.69921875,20907.119140625,20930.529296875,20930.529296875,0
20962.41015625,20995.55078125,20904.119140625,20987.2890625,20987.2890625,0
20992.419921875,21012.7890625,20911.2890625,20978.109375,20978.109375,0
20982.109375,20982.109375,20982.109375,20982.109375,20982.109375,0
20976.359375,20984.0390625,20911.3203125,20920.759765625,20920.759765625,0
20919.890625,20963.0390625,20876.1796875,20933.01953125,20933.01953125,0
20901.140625,20973.98046875,20886.580078125,20969.55078125,20969.55078125,0
20978.75,20978.75,20878.869140625,20884.16015625,20884.16015625,0
20923.650390625,20958.80078125,20869.48046875,20908.720703125,20908.720703125,0
20913.880859375,20916.2890625,20804.69921875,20832.44921875,20832.44921875,0
20843.609375,20897.720703125,20820.380859375,20865.400390625,20865.400390625,0
20914.2890625,20924.740234375,20841.369140625,20903.009765625,20903.009765625,0
20898.26953125,20932.890625,20829.25,20854.529296875,20854.529296875,0
20761.900390625,20793.439453125,20649.55078125,20682.3203125,20682.3203125,0
20685.869140625,20756.4609375,20648.83984375,20652.310546875,20652.310546875,0
20661.439453125,20718.220703125,20645.1796875,20706.150390625,20706.150390625,0
20662.7109375,20745.470703125,20657.91015625,20702.810546875,20702.810546875,0
20702.08984375,20726.30078125,20647.80078125,20692.16015625,20692.16015625,0
20684.0703125,20688.380859375,20579.2890625,20598.060546875,20598.060546875,0
20639.419921875,20639.419921875,20569.91015625,20628.279296875,20628.279296875,0
20612.2109375,20652.869140625,20561.58984375,20621.48046875,20621.48046875,0
20622.060546875,20655.83984375,20576.98046875,20655.83984375,20655.83984375,0
20656.130859375,20683.580078125,20601.51953125,20634.369140625,20634.369140625,0
20598.48046875,20598.48046875,20598.48046875,20598.48046875,20598.48046875,0
20639.640625,20651.91015625,20573.8203125,20595.189453125,20595.189453125,0
20605.30078125,20663.0,20583.33984375,20587.359375,20587.359375,0
20588.83984375,20647.0390625,20545.060546875,20564.23046875,20564.23046875,0
20597.48046875,20613.41015625,20539.640625,20597.580078125,20597.580078125,0
20597.279296875,20622.51953125,20521.439453125,20529.759765625,20529.759765625,0
20562.630859375,20605.0,20504.58984375,20564.8203125,20564.8203125,0
20529.900390625,20584.640625,20472.220703125,20569.75,20569.75,0
20563.9296875,20653.51953125,20518.2109375,20519.189453125,20519.189453125,0
20512.900390625,20608.939453125,20457.140625,20608.939453125,20608.939453125,0
20603.44921875,20632.7109375,20537.5390625,20626.869140625,20626.869140625,0
20630.48046875,20653.439453125,20562.119140625,20624.55078125,20624.55078125,0
20627.759765625,20646.19921875,20556.439453125,20606.130859375,20606.130859375,0
20606.9296875,20655.26953125,20568.109375,20625.740234375,20625.740234375,0
20630.720703125,20670.619140625,20605.359375,20638.849609375,20638.849609375,0
20640.3203125,20655.560546875,20583.240234375,20586.130859375,20586.130859375,0
20586.25,20624.3203125,20556.400390625,20569.23046875,20569.23046875,0
20557.759765625,20624.6796875,20549.73046875,20551.19921875,20551.19921875,0
20552.55078125,20636.529296875,20551.099609375,20583.5,20583.5,0
20620.7890625,20620.7890625,20620.7890625,20620.7890625,20620.7890625,0
20635.7890625,20635.7890625,20575.58984375,20583.01953125,20583.01953125,0
20583.599609375,20631.869140625,20544.740234375,20550.169921875,20550.169921875,0
20551.3203125,20623.060546875,20545.83984375,20545.83984375,20545.83984375,0
20596.869140625,20623.58984375,20541.0703125,20612.1796875,20612.1796875,0
20593.5703125,20628.380859375,20543.919921875,20611.919921875,20611.919921875,0
20615.9296875,20624.4609375,20534.150390625,20579.109375,20579.109375,0
20586.220703125,20618.33984375,20531.990234375,20592.369140625,20592.369140625,0
20585.919921875,20626.3203125,20558.169921875,20559.2890625,20559.2890625,0
20598.919921875,20613.25,20537.830078125,20586.640625,20586.640625,0
20503.470703125,20526.76953125,20389.810546875,20470.44921875,20470.44921875,0
20466.619140625,20592.0703125,20443.369140625,20541.859375,20541.859375,0
20536.3203125,20607.05078125,20513.5390625,20554.9296875,20554.9296875,0
20548.619140625,20681.990234375,20548.619140625,20632.4296875,20632.4296875,0
20633.44921875,20707.76953125,20614.80078125,20614.80078125,20614.80078125,0
20655.279296875,20677.529296875,20605.3203125,20610.5390625,20610.5390625,0
20648.240234375,20676.23046875,20601.349609375,20662.369140625,20662.369140625,0
20663.830078125,20698.26953125,20618.48046875,20682.6796875,20682.6796875,0
20677.380859375,20686.3203125,20632.94921875,20674.41015625,20674.41015625,0
20667.390625,20696.7890625,20620.830078125,20668.619140625,20668.619140625,0
20669.33984375,20669.33984375,20669.33984375,20669.33984375,20669.33984375,0
20658.5703125,20658.5703125,20646.400390625,20651.76953125,20651.76953125,0
20651.30078125,20664.890625,20575.2109375,20643.08984375,20643.08984375,0
20632.9609375,20680.859375,20583.80078125,20634.0,20634.0,0
20627.0703125,20661.669921875,20579.30078125,20587.2109375,20587.2109375,0
20633.58984375,20660.48046875,20576.720703125,20627.849609375,20627.849609375,0
20679.7890625,20708.2109375,20614.7890625,20672.650390625,20672.650390625,0
20672.80078125,20705.08984375,20611.98046875,20656.259765625,20656.259765625,0
20609.849609375,20681.060546875,20599.099609375,20644.380859375,20644.380859375,0
20611.099609375,20676.1796875,20591.2890625,20633.509765625,20633.509765625,0
20551.0,20568.060546875,20466.0,20568.060546875,20568.060546875,0
20568.330078125,20601.060546875,20509.169921875,20591.359375,20591.359375,0
20598.05078125,20598.05078125,20500.130859375,20575.439453125,20575.439453125,0
20569.240234375,20587.8203125,20523.75,20564.369140625,20564.369140625,0
20564.029296875,20566.119140625,20484.6796875,20522.91015625,20522.91015625,0
20531.80078125,20570.4296875,20503.33984375,20526.7109375,20526.7109375,0
20557.419921875,20580.119140625,20493.25,20549.55078125,20549.55078125,0
20566.869140625,20662.01953125,20507.060546875,20643.83984375,20643.83984375,0
20642.3203125,20663.310546875,20596.5390625,20653.990234375,20653.990234375,0
20625.650390625,20706.16015625,20623.69921875,20689.720703125,20689.720703125,0
20688.0703125,20688.0703125,20688.0703125,20688.0703125,20688.0703125,0
20657.3203125,20672.2109375,20614.33984375,20670.58984375,20670.58984375,0
20658.220703125,20663.609375,20584.7109375,20628.33984375,20628.33984375,0
20637.91015625,20672.869140625,20598.900390625,20615.240234375,20615.240234375,0
20642.689453125,20670.970703125,20588.0390625,20623.5,20623.5,0
20659.369140625,20668.779296875,20601.58984375,20644.23046875,20644.23046875,0
20646.640625,20663.580078125,20586.5390625,20652.689453125,20652.689453125,0
20646.150390625,20678.19921875,20594.220703125,20661.599609375,20661.599609375,0
20660.3203125,20665.529296875,20584.140625,20653.869140625,20653.869140625,0
20629.26953125,20653.41015625,20574.69921875,20599.30078125,20599.30078125,0
20489.939453125,20518.1796875,20295.9296875,20303.669921875,20303.669921875,0
20292.7109375,20368.609375,20280.169921875,20285.650390625,20285.650390625,0
20277.349609375,20394.30078125,20252.830078125,20259.630859375,20259.630859375,0
20272.669921875,20340.1796875,20249.5390625,20281.779296875,20281.779296875,0
20274.349609375,20332.380859375,20231.390625,20271.990234375,20271.990234375,0
20270.73046875,20438.259765625,20248.740234375,20364.7109375,20364.7109375,0
20402.7890625,20412.369140625,20345.650390625,20412.369140625,20412.369140625,0
20375.310546875,20414.689453125,20333.849609375,20409.669921875,20409.669921875,0
20412.509765625,20412.509765625,20340.08984375,20393.630859375,20393.630859375,0
20390.779296875,20473.189453125,20345.23046875,20449.1796875,20449.1796875,0
20463.640625,20463.640625,20463.640625,20463.640625,20463.640625,0
20439.279296875,20472.01953125,20404.599609375,20458.4296875,20458.4296875,0
20414.849609375,20466.849609375,20387.73046875,20451.4609375,20451.4609375,0
20454.810546875,20526.75,20428.189453125,20520.669921875,20520.669921875,0
20511.30078125,20514.330078125,20453.890625,20463.439453125,20463.439453125,0
20467.869140625,20513.48046875,20413.5,20420.900390625,20420.900390625,0
20474.26953125,20482.80078125,20398.669921875,20441.01953125,20441.01953125,0
20419.470703125,20480.609375,20419.470703125,20462.5,20462.5,0
20457.8203125,20486.83984375,20395.619140625,20441.330078125,20441.330078125,0
20407.150390625,20477.1796875,20393.73046875,20436.73046875,20436.73046875,0
20539.890625,20564.869140625,20475.80078125,20555.58984375,20555.58984375,0
20554.080078125,20573.359375,20502.890625,20519.369140625,20519.369140625,0
20518.359375,20589.01953125,20505.16015625,20527.41015625,20527.41015625,0
20568.140625,20592.759765625,20525.76953125,20554.330078125,20554.330078125,0
20556.380859375,20621.630859375,20529.9609375,20598.380859375,20598.380859375,0
20617.419921875,20617.419921875,20505.490234375,20524.759765625,20524.759765625,0
20526.1796875,20546.0703125,20474.30078125,20474.30078125,20474.30078125,0
20476.220703125,20524.5703125,20458.869140625,20497.369140625,20497.369140625,0
20496.359375,20537.0390625,20458.939453125,20507.359375,20507.359375,0
20500.490234375,20513.830078125,20451.830078125,20500.619140625,20500.619140625,0
20503.470703125,20503.470703125,20503.470703125,20503.470703125,20503.470703125,0
20496.080078125,20496.080078125,20451.859375,20451.859375,20451.859375,0
20457.0390625,20484.990234375,20406.3203125,20420.4609375,20420.4609375,0
20423.189453125,20474.029296875,20399.029296875,20411.009765625,20411.009765625,0
20408.560546875,20446.130859375,20389.880859375,20408.580078125,20408.580078125,0
20407.5703125,20463.349609375,20367.419921875,20463.349609375,20463.349609375,0
20422.33984375,20462.669921875,20389.630859375,20392.330078125,20392.330078125,0
20391.619140625,20456.7109375,20389.619140625,20409.509765625,20409.509765625,0
20409.509765625,20474.80078125,20390.55078125,20405.33984375,20405.33984375,0
20390.599609375,20460.1796875,20370.619140625,20385.9296875,20385.9296875,0
20478.259765625,20478.259765625,20392.939453125,20449.279296875,20449.279296875,0
20451.69921875,20460.44921875,20389.140625,20399.650390625,20399.650390625,0
20398.720703125,20409.4296875,20334.509765625,20406.0703125,20406.0703125,0
20408.4609375,20408.4609375,20331.48046875,20388.73046875,20388.73046875,0
20353.08984375,20419.330078125,20322.130859375,20357.7109375,20357.7109375,0
20318.58984375,20385.330078125,20298.26953125,20380.080078125,20380.080078125,0
20372.2109375,20397.80078125,20330.16015625,20370.48046875,20370.48046875,0
20326.859375,20402.130859375,20326.859375,20349.150390625,20349.150390625,0
20346.189453125,20394.640625,20317.94921875,20385.119140625,20385.119140625,0
20341.73046875,20394.470703125,20319.830078125,20394.470703125,20394.470703125,0
20380.359375,20383.19921875,20380.359375,20383.19921875,20383.19921875,0
20360.44921875,20379.859375,20326.169921875,20378.359375,20378.359375,0
20378.359375,20394.810546875,20316.30078125,20334.080078125,20334.080078125,0
20345.609375,20385.529296875,20318.0390625,20365.1796875,20365.1796875,0
20362.630859375,20380.529296875,20304.359375,20348.5,20348.5,0
20356.9296875,20379.279296875,20302.349609375,20336.25,20336.25,0
20284.560546875,20358.470703125,20284.560546875,20350.830078125,20350.830078125,0
20344.890625,20370.2109375,20289.390625,20366.279296875,20366.279296875,0
20365.919921875,20370.8203125,20295.279296875,20323.779296875,20323.779296875,0
20308.7109375,20367.76953125,20296.30078125,20346.880859375,20346.880859375,0
20268.640625,20283.44921875,20203.529296875,20257.419921875,20257.419921875,0
20226.400390625,20351.44921875,20204.2890625,20309.119140625,20309.119140625,0
20265.740234375,20340.7890625,20238.650390625,20246.619140625,20246.619140625,0
20247.900390625,20297.599609375,20206.44921875,20242.919921875,20242.919921875,0
20242.23046875,20297.759765625,20222.169921875,20270.1796875,20270.1796875,0
20275.740234375,20291.779296875,20212.279296875,20277.560546875,20277.560546875,0
20246.009765625,20318.669921875,20218.349609375,20309.330078125,20309.330078125,0
20318.58984375,20326.689453125,20237.41015625,20297.330078125,20297.330078125,0
20294.810546875,20295.130859375,20161.9296875,20214.26953125,20214.26953125,0
20213.029296875,20219.830078125,20130.25,20184.0703125,20184.0703125,0
20193.279296875,20193.279296875,20193.279296875,20193.279296875,20193.279296875,0
20139.4609375,20175.48046875,20139.4609375,20152.3203125,20152.3203125,0
20142.060546875,20188.240234375,20095.759765625,20127.529296875,20127.529296875,0
20080.1796875,20207.060546875,20079.939453125,20194.939453125,20194.939453125,0
20180.51953125,20206.279296875,20134.029296875,20199.6796875,20199.6796875,0
20182.16015625,20212.130859375,20134.150390625,20193.44921875,20193.44921875,0
20192.560546875,20211.150390625,20120.05078125,20168.080078125,20168.080078125,0
20162.720703125,20186.849609375,20119.76953125,20167.05078125,20167.05078125,0
20148.5703125,20203.759765625,20126.560546875,20164.3203125,20164.3203125,0
20170.240234375,20187.919921875,20106.650390625,20158.560546875,20158.560546875,0
20290.919921875,20415.349609375,20269.4296875,20362.08984375,20362.08984375,0
20377.23046875,20379.419921875,20296.759765625,20355.349609375,20355.349609375,0
20362.7890625,20448.970703125,20305.7109375,20402.369140625,20402.369140625,0
20403.140625,20428.4296875,20351.720703125,20412.2109375,20412.2109375,0
20415.029296875,20460.91015625,20375.859375,20451.849609375,20451.849609375,0
20454.529296875,20479.310546875,20401.0,20439.580078125,20439.580078125,0
20443.58984375,20459.25,20379.55078125,20429.990234375,20429.990234375,0
20427.98046875,20463.900390625,20382.140625,20430.830078125,20430.830078125,0
20431.0,20451.849609375,20376.599609375,20417.900390625,20417.900390625,0
20433.0,20440.2890625,20362.41015625,20420.05078125,20420.05078125,0
20407.939453125,20407.939453125,20407.939453125,20407.939453125,20407.939453125,0
20427.330078125,20431.119140625,20422.509765625,20424.83984375,20424.83984375,0
20421.23046875,20479.099609375,20346.140625,20400.94921875,20400.94921875,0
20405.189453125,20410.279296875,20350.33984375,20363.369140625,20363.369140625,0
20364.490234375,20484.939453125,20360.099609375,20461.439453125,20461.439453125,0
20464.2109375,20508.189453125,20439.5,20450.830078125,20450.830078125,0
20450.640625,20498.30078125,20439.33984375,20485.099609375,20485.099609375,0
20478.859375,20496.720703125,20430.599609375,20451.119140625,20451.119140625,0
20481.0,20514.080078125,20422.189453125,20462.259765625,20462.259765625,0
20414.7890625,20499.880859375,20382.150390625,20405.5390625,20405.5390625,0
20514.099609375,20704.08984375,20514.099609375,20680.099609375,20680.099609375,0
20687.4296875,20758.7109375,20638.029296875,20700.890625,20700.890625,0
20693.759765625,20762.119140625,20679.900390625,20755.98046875,20755.98046875,0
20748.279296875,20790.740234375,20695.05078125,20773.869140625,20773.869140625,0
20720.01953125,20787.439453125,20707.2890625,20758.19921875,20758.19921875,0
20756.2109375,20791.4296875,20717.75,20728.560546875,20728.560546875,0
20728.560546875,20808.130859375,20713.599609375,20730.970703125,20730.970703125,0
20742.669921875,20785.73046875,20725.279296875,20740.859375,20740.859375,0
20746.880859375,20767.5703125,20680.05078125,20725.849609375,20725.849609375,0
20696.869140625,20753.0703125,20671.4296875,20719.900390625,20719.900390625,0
20686.359375,20686.359375,20686.359375,20686.359375,20686.359375,0
20681.609375,20740.16015625,20668.599609375,20740.16015625,20740.16015625,0
20740.5,20749.529296875,20666.109375,20736.94921875,20736.94921875,0
20731.890625,20763.490234375,20680.599609375,20748.48046875,20748.48046875,0
20748.509765625,20752.029296875,20673.630859375,20749.109375,20749.109375,0
20757.9296875,20757.9296875,20665.259765625,20723.130859375,20723.130859375,0
20671.9296875,20740.859375,20663.51953125,20703.439453125,20703.439453125,0
20701.060546875,20719.109375,20637.390625,20660.1796875,20660.1796875,0
20670.0390625,20725.990234375,20649.55078125,20714.76953125,20714.76953125,0
20728.33984375,20728.33984375,20646.140625,20703.0703125,20703.0703125,0
20606.509765625,20712.080078125,20606.509765625,20671.2890625,20671.2890625,0
20683.599609375,20705.560546875,20620.830078125,20683.689453125,20683.689453125,0
20699.98046875,20715.0703125,20638.080078125,20680.849609375,20680.849609375,0
20677.0390625,20677.0390625,20608.08984375,20664.259765625,20664.259765625,0
20620.91015625,20691.349609375,20591.890625,20647.2890625,20647.2890625,0
20606.75,20669.189453125,20584.5390625,20655.859375,20655.859375,0
20649.890625,20668.7890625,20580.490234375,20633.630859375,20633.630859375,0
20628.220703125,20650.740234375,20578.30078125,20643.650390625,20643.650390625,0
20627.669921875,20655.470703125,20579.390625,20627.869140625,20627.869140625,0
20622.4296875,20660.0390625,20589.66015625,20641.830078125,20641.830078125,0
20622.66015625,20622.66015625,20622.66015625,20622.66015625,20622.66015625,0
20645.869140625,20648.30078125,20610.05078125,20618.390625,20618.390625,0
20640.849609375,20723.2890625,20609.849609375,20700.359375,20700.359375,0
20700.359375,20721.140625,20642.359375,20662.640625,20662.640625,0
20712.240234375,20717.73046875,20635.76953125,20651.009765625,20651.009765625,0
20665.69921875,20719.099609375,20641.48046875,20701.48046875,20701.48046875,0
20711.6796875,20711.6796875,20632.9296875,20689.419921875,20689.419921875,0
20705.580078125,20706.44921875,20601.380859375,20601.380859375,20601.380859375,0
20658.169921875,20682.630859375,20598.609375,20663.060546875,20663.060546875,0
20663.130859375,20703.9609375,20598.359375,20609.919921875,20609.919921875,0
20619.869140625,20674.310546875,20536.529296875,20541.599609375,20541.599609375,0
20542.69921875,20585.150390625,20506.4609375,20554.259765625,20554.259765625,0
20597.33984375,20646.359375,20550.380859375,20630.560546875,20630.560546875,0
20618.400390625,20699.869140625,20611.630859375,20692.529296875,20692.529296875,0
20695.099609375,20695.859375,20603.7890625,20620.900390625,20620.900390625,0
20621.3203125,20660.970703125,20568.759765625,20636.16015625,20636.16015625,0
20619.509765625,20647.08984375,20536.9296875,20599.94921875,20599.94921875,0
20555.7890625,20610.66015625,20533.759765625,20575.390625,20575.390625,0
20577.55078125,20624.75,20557.689453125,20575.58984375,20575.58984375,0
20577.80078125,20623.75,20552.080078125,20576.5,20576.5,0
20525.05078125,20525.05078125,20525.05078125,20525.05078125,20525.05078125,0
20582.109375,20614.689453125,20554.9296875,20598.529296875,20598.529296875,0
20612.91015625,20640.689453125,20578.880859375,20618.060546875,20618.060546875,0
20605.2109375,20648.66015625,20567.529296875,20648.66015625,20648.66015625,0
20616.419921875,20643.099609375,20557.349609375,20623.869140625,20623.869140625,0
20582.19921875,20627.619140625,20557.98046875,20619.7109375,20619.7109375,0
20630.310546875,20634.6796875,20559.9609375,20618.259765625,20618.259765625,0
20577.720703125,20628.2109375,20556.669921875,20608.220703125,20608.220703125,0
20594.009765625,20614.779296875,20552.419921875,20604.240234375,20604.240234375,0
20602.599609375,20610.759765625,20545.560546875,20583.98046875,20583.98046875,0
20637.94921875,20713.9609375,20624.900390625,20709.150390625,20709.150390625,0
20701.44921875,20781.529296875,20648.5390625,20755.609375,20755.609375,0
20723.310546875,20773.44921875,20694.69921875,20746.55078125,20746.55078125,0
20748.58984375,20788.830078125,20695.26953125,20782.220703125,20782.220703125,0
20782.689453125,20783.990234375,20708.990234375,20764.48046875,20764.48046875,0
20750.849609375,20783.1796875,20713.91015625,20783.1796875,20783.1796875,0
20772.19921875,20785.3203125,20702.259765625,20736.619140625,20736.619140625,0
20756.05078125,20777.830078125,20664.0,20689.580078125,20689.580078125,0
20708.33984375,20745.44921875,20680.66015625,20707.169921875,20707.169921875,0
20706.58984375,20761.990234375,20682.140625,20729.939453125,20729.939453125,0
20755.060546875,20755.060546875,20755.060546875,20755.060546875,20755.060546875,0
20701.4296875,20701.4296875,20701.4296875,20701.4296875,20701.4296875,0
20701.310546875,20703.779296875,20612.1796875,20612.1796875,20612.1796875,0
20616.73046875,20693.009765625,20611.8203125,20649.630859375,20649.630859375,0
20644.859375,20701.4296875,20615.759765625,20690.69921875,20690.69921875,0
20650.80078125,20727.69921875,20643.359375,20716.060546875,20716.060546875,0
20677.51953125,20724.400390625,20644.939453125,20648.119140625,20648.119140625,0
20650.919921875,20722.94921875,20641.220703125,20647.609375,20647.609375,0
20690.80078125,20719.16015625,20640.400390625,20692.0390625,20692.0390625,0
20657.869140625,20715.19921875,20635.4609375,20697.76953125,20697.76953125,0
20601.609375,20684.869140625,20565.0,20669.279296875,20669.279296875,0
20676.849609375,20677.080078125,20580.7109375,20647.3203125,20647.3203125,0
20643.23046875,20675.970703125,20598.51953125,20666.73046875,20666.73046875,0
20666.73046875,20687.919921875,20602.51953125,20612.83984375,20612.83984375,0
20651.529296875,20684.080078125,20582.609375,20623.76953125,20623.76953125,0
20638.029296875,20638.029296875,20546.41015625,20585.900390625,20585.900390625,0
20557.830078125,20603.619140625,20538.150390625,20546.08984375,20546.08984375,0
20572.150390625,20611.41015625,20531.439453125,20596.359375,20596.359375,0
20596.58984375,20610.650390625,20533.419921875,20562.279296875,20562.279296875,0
20559.099609375,20594.810546875,20521.400390625,20588.240234375,20588.240234375,0
20591.400390625,20591.400390625,20591.400390625,20591.400390625,20591.400390625,0
20586.640625,20611.119140625,20558.390625,20597.880859375,20597.880859375,0
20593.4609375,20618.7109375,20534.689453125,20607.439453125,20607.439453125,0
20621.380859375,20621.380859375,20542.1796875,20596.30078125,20596.30078125,0
20554.419921875,20610.390625,20543.060546875,20580.7890625,20580.7890625,0
20582.6796875,20618.5390625,20497.73046875,20525.240234375,20525.240234375,0
20522.099609375,20581.26953125,20496.830078125,20576.9296875,20576.9296875,0
20574.990234375,20587.0390625,20510.099609375,20561.689453125,20561.689453125,0
20550.740234375,20587.490234375,20508.51953125,20546.51953125,20546.51953125,0
20550.580078125,20586.0703125,20509.080078125,20575.80078125,20575.80078125,0
20543.4609375,20580.2890625,20477.259765625,20521.470703125,20521.470703125,0
20480.189453125,20536.390625,20454.310546875,20489.509765625,20489.509765625,0
20483.23046875,20529.470703125,20437.740234375,20488.419921875,20488.419921875,0
20488.419921875,20498.080078125,20432.080078125,20463.169921875,20463.169921875,0
20462.69921875,20507.619140625,20435.580078125,20484.650390625,20484.650390625,0
20486.150390625,20516.109375,20452.330078125,20468.849609375,20468.849609375,0
20467.330078125,20518.5703125,20451.08984375,20504.41015625,20504.41015625,0
20507.5,20516.390625,20425.689453125,20434.119140625,20434.119140625,0
20437.580078125,20508.580078125,20428.5703125,20455.9296875,20455.9296875,0
20443.939453125,20506.94921875,20435.740234375,20459.599609375,20459.599609375,0
20450.6796875,20450.6796875,20450.6796875,20450.6796875,20450.6796875,0
20487.880859375,20512.150390625,20440.099609375,20442.029296875,20442.029296875,0
20404.8203125,20468.400390625,20383.1796875,20455.1796875,20455.1796875,0
20422.5,20466.69921875,20387.310546875,20457.759765625,20457.759765625,0
20425.25,20478.1796875,20403.6796875,20427.119140625,20427.119140625,0
20434.2890625,20495.609375,20416.7890625,20493.369140625,20493.369140625,0
20486.5390625,20496.119140625,20425.109375,20478.759765625,20478.759765625,0
20481.330078125,20503.58984375,20428.98046875,20490.130859375,20490.130859375,0
20472.9296875,20542.060546875,20431.08984375,20526.6796875,20526.6796875,0
20542.08984375,20586.419921875,20493.55078125,20577.0,20577.0,0
20525.669921875,20591.5,20489.669921875,20544.650390625,20544.650390625,0
20549.98046875,20598.830078125,20536.25,20580.919921875,20580.919921875,0
20580.98046875,20586.599609375,20521.880859375,20574.939453125,20574.939453125,0
20574.939453125,20619.390625,20549.810546875,20615.490234375,20615.490234375,0
20617.7109375,20651.169921875,20579.5703125,20635.609375,20635.609375,0
20637.94921875,20640.119140625,20577.609375,20626.630859375,20626.630859375,0
20586.349609375,20639.3203125,20578.599609375,20629.69921875,20629.69921875,0
20629.19921875,20642.080078125,20570.849609375,20613.349609375,20613.349609375,0
20606.529296875,20624.69921875,20558.2109375,20579.009765625,20579.009765625,0
20578.7890625,20619.5703125,20554.060546875,20576.779296875,20576.779296875,0
20569.19921875,20569.19921875,20569.19921875,20569.19921875,20569.19921875,0
20618.470703125,20618.83984375,20618.470703125,20618.83984375,20618.83984375,0
20561.1796875,20607.849609375,20535.310546875,20578.16015625,20578.16015625,0
20579.0390625,20608.759765625,20541.759765625,20569.44921875,20569.44921875,0
20569.44921875,20608.69921875,20536.009765625,20564.150390625,20564.150390625,0
20548.44921875,20597.109375,20536.630859375,20594.919921875,20594.919921875,0
20594.83984375,20596.369140625,20531.7890625,20531.7890625,20531.7890625,0
20543.060546875,20599.720703125,20525.689453125,20599.669921875,20599.669921875,0
20557.83984375,20606.740234375,20531.94921875,20594.310546875,20594.310546875,0
20602.439453125,20642.359375,20523.58984375,20642.359375,20642.359375,0
20573.830078125,20634.619140625,20504.220703125,20526.529296875,20526.529296875,0
20522.3203125,20580.83984375,20510.650390625,20574.08984375,20574.08984375,0
20571.849609375,20617.859375,20511.630859375,20617.859375,20617.859375,0
20586.41015625,20632.890625,20558.349609375,20629.9609375,20629.9609375,0
20629.91015625,20638.560546875,20573.419921875,20576.0,20576.0,0
20579.08984375,20639.0390625,20570.130859375,20621.359375,20621.359375,0
20621.359375,20639.16015625,20576.099609375,20633.05078125,20633.05078125,0
20593.2890625,20638.919921875,20572.890625,20623.529296875,20623.529296875,0
20622.939453125,20635.400390625,20577.759765625,20629.140625,20629.140625,0
20632.48046875,20636.560546875,20571.4296875,20623.58984375,20623.58984375,0
20634.779296875,20634.779296875,20634.779296875,20634.779296875,20634.779296875,0
20637.83984375,20638.310546875,20634.609375,20635.359375,20635.359375,0
20631.359375,20671.470703125,20562.6796875,20644.0703125,20644.0703125,0
20650.419921875,20658.390625,20590.7890625,20650.69921875,20650.69921875,0
20607.2109375,20660.16015625,20580.720703125,20634.23046875,20634.23046875,0
20602.80078125,20658.25,20591.419921875,20651.140625,20651.140625,0
20656.759765625,20661.689453125,20577.140625,20588.16015625,20588.16015625,0
20587.009765625,20665.580078125,20558.119140625,20558.119140625,20558.119140625,0
20561.259765625,20631.169921875,20548.359375,20584.66015625,20584.66015625,0
20581.9296875,20632.75,20560.919921875,20626.76953125,20626.76953125,0
20690.580078125,20690.580078125,20608.640625,20636.25,20636.25,0
20677.310546875,20694.970703125,20616.01953125,20653.4296875,20653.4296875,0
20653.1796875,20717.060546875,20650.4609375,20669.19921875,20669.19921875,0
20712.94921875,20714.599609375,20638.939453125,20650.5390625,20650.5390625,0
20648.109375,20704.26953125,20614.26953125,20690.419921875,20690.419921875,0
20685.7109375,20703.44921875,20624.98046875,20692.05078125,20692.05078125,0
20676.919921875,20699.470703125,20598.390625,20663.0703125,20663.0703125,0
20669.880859375,20687.779296875,20610.689453125,20684.140625,20684.140625,0
20644.740234375,20699.939453125,20612.7890625,20666.91015625,20666.91015625,0
20667.880859375,20671.259765625,20599.279296875,20639.9609375,20639.9609375,0
20588.310546875,20588.310546875,20588.310546875,20588.310546875,20588.310546875,0
20605.26953125,20666.0,20605.26953125,20659.580078125,20659.580078125,0
20611.400390625,20676.900390625,20575.880859375,20650.0,20650.0,0
20649.009765625,20712.98046875,20631.529296875,20666.900390625,20666.900390625,0
20662.900390625,20669.169921875,20575.83984375,20591.83984375,20591.83984375,0
20598.900390625,20640.880859375,20564.76953125,20640.880859375,20640.880859375,0
20621.380859375,20642.55078125,20554.91015625,20617.7109375,20617.7109375,0
20631.94921875,20631.94921875,20562.630859375,20621.509765625,20621.509765625,0
20620.779296875,20633.6796875,20561.5390625,20576.26953125,20576.26953125,0
20574.05078125,20617.259765625,20510.80078125,20592.6796875,20592.6796875,0
20599.75,20623.05078125,20544.279296875,20613.990234375,20613.990234375,0
20612.529296875,20630.98046875,20557.5,20558.3203125,20558.3203125,0
20593.490234375,20602.66015625,20523.259765625,20541.029296875,20541.029296875,0
20584.490234375,20626.3203125,20553.970703125,20623.6796875,20623.6796875,0
20621.509765625,20651.330078125,20576.4296875,20627.94921875,20627.94921875,0
20601.26953125,20662.94921875,20586.01953125,20603.509765625,20603.509765625,0
20604.150390625,20695.029296875,20604.150390625,20651.919921875,20651.919921875,0
20651.919921875,20695.150390625,20619.439453125,20644.830078125,20644.830078125,0
20640.08984375,20689.630859375,20618.759765625,20618.759765625,20618.759765625,0
20633.109375,20692.890625,20609.369140625,20659.490234375,20659.490234375,0
20638.369140625,20638.369140625,20638.369140625,20638.369140625,20638.369140625,0
20661.94921875,20676.91015625,20626.33984375,20633.330078125,20633.330078125,0
20617.5703125,20694.509765625,20617.5703125,20679.009765625,20679.009765625,0
20676.169921875,20714.30078125,20635.75,20666.48046875,20666.48046875,0
20678.5,20730.939453125,20652.390625,20713.7109375,20713.7109375,0
20713.900390625,20733.73046875,20660.26953125,20684.029296875,20684.029296875,0
20681.91015625,20725.33984375,20657.099609375,20710.91015625,20710.91015625,0
20707.9609375,20707.9609375,20632.140625,20691.689453125,20691.689453125,0
20685.5703125,20702.509765625,20622.419921875,20669.94921875,20669.94921875,0
20620.490234375,20688.009765625,20613.080078125,20667.0703125,20667.0703125,0
20777.5,20782.330078125,20698.400390625,20718.689453125,20718.689453125,0
20728.5703125,20763.48046875,20704.740234375,20753.080078125,20753.080078125,0
20758.130859375,20810.630859375,20722.0,20790.130859375,20790.130859375,0
20793.359375,20835.7109375,20729.83984375,20729.83984375,20729.83984375,0
20729.7890625,20759.330078125,20664.669921875,20750.01953125,20750.01953125,0
20727.69921875,20751.029296875,20673.98046875,20730.3203125,20730.3203125,0
20721.51953125,20756.759765625,20675.529296875,20715.859375,20715.859375,0
20716.990234375,20763.0703125,20683.580078125,20762.7109375,20762.7109375,0
20758.759765625,20765.240234375,20684.76953125,20707.150390625,20707.150390625,0
20744.44921875,20762.9609375,20666.26953125,20737.279296875,20737.279296875,0
20737.279296875,20737.279296875,20737.279296875,20737.279296875,20737.279296875,0
20694.91015625,20742.55078125,20682.189453125,20722.8203125,20722.8203125,0
20688.4609375,20763.009765625,20668.0390625,20718.349609375,20718.349609375,0
20683.7109375,20759.94921875,20670.869140625,20670.869140625,20670.869140625,0
20670.189453125,20743.650390625,20670.189453125,20715.080078125,20715.080078125,0
20719.5390625,20725.359375,20649.4296875,20693.640625,20693.640625,0
20694.400390625,20735.69921875,20639.3203125,20639.3203125,20639.3203125,0
20647.240234375,20683.3203125,20597.259765625,20622.66015625,20622.66015625,0
20629.490234375,20687.05078125,20609.5703125,20645.759765625,20645.759765625,0
20649.23046875,20671.109375,20585.4296875,20651.8203125,20651.8203125,0
20697.5,20764.939453125,20673.259765625,20742.490234375,20742.490234375,0
20705.98046875,20761.8203125,20658.279296875,20667.939453125,20667.939453125,0
20661.919921875,20710.44921875,20598.119140625,20628.509765625,20628.509765625,0
20610.109375,20707.580078125,20608.4609375,20707.580078125,20707.580078125,0
20708.33984375,20720.060546875,20652.4296875,20718.810546875,20718.810546875,0
20717.470703125,20721.25,20644.349609375,20715.470703125,20715.470703125,0
20680.23046875,20738.349609375,20669.900390625,20695.16015625,20695.16015625,0
20697.109375,20720.390625,20648.94921875,20699.970703125,20699.970703125,0
20700.73046875,20724.740234375,20650.1796875,20675.6796875,20675.6796875,0
20674.599609375,20730.51953125,20647.05078125,20648.25,20648.25,0
20701.080078125,20701.080078125,20701.080078125,20701.080078125,20701.080078125,0
20731.66015625,20731.66015625,20716.740234375,20716.740234375,20716.740234375,0
20685.109375,20766.91015625,20681.3203125,20739.630859375,20739.630859375,0
20701.41015625,20814.130859375,20687.33984375,20802.390625,20802.390625,0
20807.640625,20849.189453125,20765.48046875,20833.1796875,20833.1796875,0
20829.669921875,20901.740234375,20780.83984375,20898.240234375,20898.240234375,0
20868.669921875,20911.099609375,20789.1796875,20867.529296875,20867.529296875,0
20854.55078125,20905.119140625,20793.869140625,20832.240234375,20832.240234375,0
20845.060546875,20859.9296875,20786.869140625,20802.810546875,20802.810546875,0
20793.400390625,20860.650390625,20775.470703125,20847.810546875,20847.810546875,0
