Interval,Date,Open,High,Low,Close,Adj Close,Volume
15m,2023-11-13 10:00:00,7.75,7.75,7.599999904632568,7.650000095367432,7.650000095367432,278304
15m,2023-11-13 10:15:00,7.599999904632568,7.699999809265137,7.599999904632568,7.650000095367432,7.650000095367432,604209
15m,2023-11-13 10:30:00,7.599999904632568,7.650000095367432,7.550000190734863,7.650000095367432,7.650000095367432,1756301
15m,2023-11-13 10:45:00,7.650000095367432,7.650000095367432,7.550000190734863,7.599999904632568,7.599999904632568,362500
15m,2023-11-13 11:00:00,7.550000190734863,7.599999904632568,7.550000190734863,7.599999904632568,7.599999904632568,1048500
15m,2023-11-13 11:15:00,7.550000190734863,7.650000095367432,7.5,7.599999904632568,7.599999904632568,1918508
15m,2023-11-13 11:30:00,7.599999904632568,7.599999904632568,7.550000190734863,7.599999904632568,7.599999904632568,277000
15m,2023-11-13 11:45:00,7.599999904632568,7.599999904632568,7.599999904632568,7.599999904632568,7.599999904632568,700
15m,2023-11-13 12:00:00,7.599999904632568,7.599999904632568,7.550000190734863,7.599999904632568,7.599999904632568,34400
15m,2023-11-13 12:15:00,7.550000190734863,7.599999904632568,7.5,7.550000190734863,7.550000190734863,445124
15m,2023-11-13 14:15:00,7.550000190734863,7.550000190734863,7.5,7.550000190734863,7.550000190734863,1114600
15m,2023-11-13 14:30:00,7.550000190734863,7.599999904632568,7.550000190734863,7.599999904632568,7.599999904632568,681600
15m,2023-11-13 14:45:00,7.550000190734863,7.599999904632568,7.550000190734863,7.599999904632568,7.599999904632568,105700
15m,2023-11-13 15:00:00,7.599999904632568,7.599999904632568,7.550000190734863,7.599999904632568,7.599999904632568,81100
15m,2023-11-13 15:15:00,7.599999904632568,7.599999904632568,7.550000190734863,7.599999904632568,7.599999904632568,284800
15m,2023-11-13 15:30:00,7.599999904632568,7.599999904632568,7.550000190734863,7.599999904632568,7.599999904632568,184300
15m,2023-11-13 15:45:00,7.550000190734863,7.599999904632568,7.550000190734863,7.550000190734863,7.550000190734863,896700
15m,2023-11-13 16:00:00,7.550000190734863,7.550000190734863,7.5,7.5,7.5,1141699
15m,2023-11-13 16:15:00,7.5,7.550000190734863,7.5,7.550000190734863,7.550000190734863,1203912
15m,2023-11-14 10:00:00,7.699999809265137,7.900000095367432,7.650000095367432,7.75,7.75,1328110
15m,2023-11-14 10:15:00,7.800000190734863,7.849999904632568,7.800000190734863,7.800000190734863,7.800000190734863,1581512
15m,2023-11-14 10:30:00,7.800000190734863,7.849999904632568,7.800000190734863,7.849999904632568,7.849999904632568,760420
15m,2023-11-14 10:45:00,7.800000190734863,7.900000095367432,7.800000190734863,7.900000095367432,7.900000095367432,2513663
15m,2023-11-14 11:00:00,7.949999809265137,7.949999809265137,7.900000095367432,7.949999809265137,7.949999809265137,1053722
15m,2023-11-14 11:15:00,7.949999809265137,8.0,7.900000095367432,7.949999809265137,7.949999809265137,1415213
15m,2023-11-14 11:30:00,7.949999809265137,8.0,7.949999809265137,7.949999809265137,7.949999809265137,5284437
15m,2023-11-14 11:45:00,7.949999809265137,7.949999809265137,7.900000095367432,7.900000095367432,7.900000095367432,823206
15m,2023-11-14 12:00:00,7.949999809265137,7.949999809265137,7.900000095367432,7.900000095367432,7.900000095367432,146000
15m,2023-11-14 12:15:00,7.949999809265137,7.949999809265137,7.900000095367432,7.949999809265137,7.949999809265137,84800
15m,2023-11-14 14:15:00,7.949999809265137,7.949999809265137,7.900000095367432,7.949999809265137,7.949999809265137,727400
15m,2023-11-14 14:30:00,7.949999809265137,7.949999809265137,7.900000095367432,7.949999809265137,7.949999809265137,104500
15m,2023-11-14 14:45:00,7.949999809265137,8.0,7.949999809265137,7.949999809265137,7.949999809265137,1525720
15m,2023-11-14 15:00:00,7.949999809265137,8.0,7.949999809265137,7.949999809265137,7.949999809265137,402837
15m,2023-11-14 15:15:00,8.0,8.0,7.949999809265137,8.0,8.0,1194300
15m,2023-11-14 15:30:00,8.0,8.0,7.949999809265137,8.0,8.0,357300
15m,2023-11-14 15:45:00,8.0,8.050000190734863,7.949999809265137,8.050000190734863,8.050000190734863,2374816
15m,2023-11-14 16:00:00,8.050000190734863,8.100000381469727,8.0,8.100000381469727,8.100000381469727,1455336
15m,2023-11-14 16:15:00,8.100000381469727,8.100000381469727,8.050000190734863,8.100000381469727,8.100000381469727,1369132
15m,2023-11-15 10:00:00,8.100000381469727,8.100000381469727,8.050000190734863,8.100000381469727,8.100000381469727,31501
15m,2023-11-15 10:15:00,8.100000381469727,8.149999618530273,8.050000190734863,8.100000381469727,8.100000381469727,1132409
15m,2023-11-15 10:30:00,8.100000381469727,8.149999618530273,8.100000381469727,8.149999618530273,8.149999618530273,870332
15m,2023-11-15 10:45:00,8.100000381469727,8.149999618530273,8.050000190734863,8.050000190734863,8.050000190734863,2277005
15m,2023-11-15 11:00:00,8.100000381469727,8.100000381469727,8.0,8.050000190734863,8.050000190734863,4070502
15m,2023-11-15 11:15:00,8.050000190734863,8.100000381469727,8.050000190734863,8.100000381469727,8.100000381469727,923701
15m,2023-11-15 11:30:00,8.100000381469727,8.149999618530273,8.100000381469727,8.100000381469727,8.100000381469727,1697201
15m,2023-11-15 11:45:00,8.100000381469727,8.149999618530273,8.100000381469727,8.100000381469727,8.100000381469727,551081
15m,2023-11-15 12:00:00,8.100000381469727,8.149999618530273,8.050000190734863,8.149999618530273,8.149999618530273,684000
15m,2023-11-15 12:15:00,8.149999618530273,8.149999618530273,8.100000381469727,8.149999618530273,8.149999618530273,486426
15m,2023-11-15 14:15:00,8.100000381469727,8.100000381469727,8.100000381469727,8.100000381469727,8.100000381469727,41800
15m,2023-11-15 14:30:00,8.149999618530273,8.199999809265137,8.100000381469727,8.149999618530273,8.149999618530273,1281401
15m,2023-11-15 14:45:00,8.149999618530273,8.149999618530273,8.050000190734863,8.100000381469727,8.100000381469727,1542027
15m,2023-11-15 15:00:00,8.100000381469727,8.100000381469727,8.050000190734863,8.050000190734863,8.050000190734863,453517
15m,2023-11-15 15:15:00,8.100000381469727,8.100000381469727,8.050000190734863,8.100000381469727,8.100000381469727,866100
15m,2023-11-15 15:30:00,8.100000381469727,8.100000381469727,8.0,8.100000381469727,8.100000381469727,568309
15m,2023-11-15 15:45:00,8.100000381469727,8.100000381469727,8.050000190734863,8.100000381469727,8.100000381469727,264301
15m,2023-11-15 16:00:00,8.050000190734863,8.149999618530273,8.0,8.100000381469727,8.100000381469727,1312000
15m,2023-11-15 16:15:00,8.100000381469727,8.100000381469727,8.050000190734863,8.100000381469727,8.100000381469727,598700
15m,2023-11-16 10:00:00,8.100000381469727,8.149999618530273,8.0,8.050000190734863,8.050000190734863,319900
15m,2023-11-16 10:15:00,8.050000190734863,8.149999618530273,8.050000190734863,8.100000381469727,8.100000381469727,3218000
15m,2023-11-16 10:30:00,8.100000381469727,8.149999618530273,8.050000190734863,8.050000190734863,8.050000190734863,659504
15m,2023-11-16 10:45:00,8.100000381469727,8.100000381469727,8.050000190734863,8.100000381469727,8.100000381469727,1937500
15m,2023-11-16 11:00:00,8.100000381469727,8.100000381469727,8.050000190734863,8.100000381469727,8.100000381469727,1263200
15m,2023-11-16 11:15:00,8.100000381469727,8.100000381469727,8.050000190734863,8.050000190734863,8.050000190734863,296800
15m,2023-11-16 11:30:00,8.100000381469727,8.100000381469727,8.050000190734863,8.100000381469727,8.100000381469727,170100
15m,2023-11-16 11:45:00,8.050000190734863,8.100000381469727,8.050000190734863,8.100000381469727,8.100000381469727,128300
15m,2023-11-16 12:00:00,8.100000381469727,8.100000381469727,8.050000190734863,8.100000381469727,8.100000381469727,158005
15m,2023-11-16 12:15:00,8.100000381469727,8.100000381469727,8.050000190734863,8.100000381469727,8.100000381469727,103510
15m,2023-11-16 14:15:00,8.050000190734863,8.149999618530273,8.050000190734863,8.050000190734863,8.050000190734863,765800
15m,2023-11-16 14:30:00,8.100000381469727,8.100000381469727,8.0,8.050000190734863,8.050000190734863,941407
15m,2023-11-16 14:45:00,8.100000381469727,8.100000381469727,8.050000190734863,8.050000190734863,8.050000190734863,240509
15m,2023-11-16 15:00:00,8.100000381469727,8.100000381469727,8.0,8.050000190734863,8.050000190734863,672500
15m,2023-11-16 15:15:00,8.050000190734863,8.100000381469727,8.050000190734863,8.100000381469727,8.100000381469727,437315
15m,2023-11-16 15:30:00,8.100000381469727,8.100000381469727,8.050000190734863,8.100000381469727,8.100000381469727,116200
15m,2023-11-16 15:45:00,8.100000381469727,8.100000381469727,8.050000190734863,8.100000381469727,8.100000381469727,34800
15m,2023-11-16 16:00:00,8.100000381469727,8.100000381469727,8.050000190734863,8.100000381469727,8.100000381469727,290809
15m,2023-11-16 16:15:00,8.100000381469727,8.100000381469727,8.050000190734863,8.100000381469727,8.100000381469727,182700
15m,2023-11-17 10:00:00,7.949999809265137,8.050000190734863,7.949999809265137,8.0,8.0,1541200
15m,2023-11-17 10:15:00,8.050000190734863,8.100000381469727,8.0,8.050000190734863,8.050000190734863,411606
15m,2023-11-17 10:30:00,8.100000381469727,8.100000381469727,8.050000190734863,8.100000381469727,8.100000381469727,303900
15m,2023-11-17 10:45:00,8.100000381469727,8.149999618530273,8.0,8.050000190734863,8.050000190734863,1714000
15m,2023-11-17 11:00:00,8.100000381469727,8.100000381469727,8.050000190734863,8.100000381469727,8.100000381469727,277503
15m,2023-11-17 11:15:00,8.100000381469727,8.100000381469727,8.050000190734863,8.050000190734863,8.050000190734863,1295001
15m,2023-11-17 11:30:00,8.100000381469727,8.100000381469727,8.050000190734863,8.100000381469727,8.100000381469727,181800
15m,2023-11-17 11:45:00,8.100000381469727,8.100000381469727,8.050000190734863,8.050000190734863,8.050000190734863,332554
15m,2023-11-17 12:00:00,8.100000381469727,8.100000381469727,8.0,8.050000190734863,8.050000190734863,580413
15m,2023-11-17 12:15:00,8.050000190734863,8.100000381469727,8.0,8.050000190734863,8.050000190734863,432500
15m,2023-11-17 14:15:00,8.050000190734863,8.100000381469727,8.0,8.100000381469727,8.100000381469727,292300
15m,2023-11-17 14:30:00,8.050000190734863,8.100000381469727,8.0,8.050000190734863,8.050000190734863,502749
15m,2023-11-17 14:45:00,8.050000190734863,8.050000190734863,8.0,8.050000190734863,8.050000190734863,520510
15m,2023-11-17 15:00:00,8.050000190734863,8.100000381469727,8.0,8.100000381469727,8.100000381469727,478700
15m,2023-11-17 15:15:00,8.100000381469727,8.100000381469727,8.050000190734863,8.050000190734863,8.050000190734863,449990
15m,2023-11-17 15:30:00,8.100000381469727,8.100000381469727,8.050000190734863,8.100000381469727,8.100000381469727,228612
15m,2023-11-17 15:45:00,8.100000381469727,8.149999618530273,8.100000381469727,8.100000381469727,8.100000381469727,2752821
15m,2023-11-17 16:00:00,8.149999618530273,8.149999618530273,8.100000381469727,8.100000381469727,8.100000381469727,205703
15m,2023-11-17 16:15:00,8.100000381469727,8.149999618530273,8.050000190734863,8.149999618530273,8.149999618530273,529500
15m,2023-11-20 10:00:00,8.25,8.25,8.100000381469727,8.149999618530273,8.149999618530273,45000
15m,2023-11-20 10:15:00,8.149999618530273,8.149999618530273,8.149999618530273,8.149999618530273,8.149999618530273,2002
15m,2023-11-20 10:30:00,8.100000381469727,8.149999618530273,8.050000190734863,8.149999618530273,8.149999618530273,715002
15m,2023-11-20 10:45:00,8.149999618530273,8.149999618530273,8.100000381469727,8.149999618530273,8.149999618530273,873600
15m,2023-11-20 11:00:00,8.199999809265137,8.25,8.199999809265137,8.199999809265137,8.199999809265137,2309027
15m,2023-11-20 11:15:00,8.199999809265137,8.25,8.199999809265137,8.199999809265137,8.199999809265137,561800
15m,2023-11-20 11:30:00,8.199999809265137,8.25,8.199999809265137,8.199999809265137,8.199999809265137,149801
15m,2023-11-20 11:45:00,8.199999809265137,8.25,8.199999809265137,8.25,8.25,1591713
15m,2023-11-20 12:00:00,8.25,8.25,8.199999809265137,8.199999809265137,8.199999809265137,38000
15m,2023-11-20 12:15:00,8.25,8.300000190734863,8.199999809265137,8.25,8.25,596813
15m,2023-11-20 14:15:00,8.25,8.25,8.25,8.25,8.25,191700
15m,2023-11-20 14:30:00,8.25,8.300000190734863,8.199999809265137,8.25,8.25,703702
15m,2023-11-20 14:45:00,8.199999809265137,8.25,8.199999809265137,8.25,8.25,25200
15m,2023-11-20 15:00:00,8.25,8.25,8.199999809265137,8.199999809265137,8.199999809265137,11400
15m,2023-11-20 15:15:00,8.25,8.25,8.199999809265137,8.25,8.25,19700
15m,2023-11-20 15:30:00,8.25,8.25,8.199999809265137,8.25,8.25,51100
15m,2023-11-20 15:45:00,8.199999809265137,8.25,8.199999809265137,8.25,8.25,969642
15m,2023-11-20 16:00:00,8.25,8.25,8.199999809265137,8.25,8.25,643600
15m,2023-11-20 16:15:00,8.25,8.25,8.199999809265137,8.25,8.25,725400
15m,2023-11-21 10:00:00,8.300000190734863,8.300000190734863,8.25,8.300000190734863,8.300000190734863,110103
15m,2023-11-21 10:15:00,8.25,8.300000190734863,8.25,8.300000190734863,8.300000190734863,132900
15m,2023-11-21 10:30:00,8.300000190734863,8.350000381469727,8.25,8.300000190734863,8.300000190734863,2719615
15m,2023-11-21 10:45:00,8.300000190734863,8.300000190734863,8.25,8.25,8.25,225023
15m,2023-11-21 11:00:00,8.300000190734863,8.300000190734863,8.25,8.25,8.25,49800
15m,2023-11-21 11:15:00,8.300000190734863,8.300000190734863,8.199999809265137,8.199999809265137,8.199999809265137,785601
15m,2023-11-21 11:30:00,8.25,8.300000190734863,8.25,8.25,8.25,517400
15m,2023-11-21 11:45:00,8.300000190734863,8.300000190734863,8.25,8.25,8.25,359301
15m,2023-11-21 12:00:00,8.25,8.25,8.199999809265137,8.25,8.25,40620
15m,2023-11-21 12:15:00,8.25,8.25,8.199999809265137,8.199999809265137,8.199999809265137,60200
15m,2023-11-21 14:15:00,8.25,8.25,8.199999809265137,8.25,8.25,544600
15m,2023-11-21 14:30:00,8.25,8.25,8.25,8.25,8.25,6300
15m,2023-11-21 14:45:00,8.199999809265137,8.25,8.199999809265137,8.199999809265137,8.199999809265137,31500
15m,2023-11-21 15:00:00,8.199999809265137,8.25,8.199999809265137,8.25,8.25,369000
15m,2023-11-21 15:15:00,8.25,8.300000190734863,8.199999809265137,8.25,8.25,524300
15m,2023-11-21 15:30:00,8.199999809265137,8.25,8.199999809265137,8.25,8.25,90700
15m,2023-11-21 15:45:00,8.199999809265137,8.25,8.199999809265137,8.199999809265137,8.199999809265137,86008
15m,2023-11-21 16:00:00,8.25,8.25,8.199999809265137,8.25,8.25,55400
15m,2023-11-21 16:15:00,8.199999809265137,8.300000190734863,8.199999809265137,8.25,8.25,451107
15m,2023-11-22 10:00:00,8.300000190734863,8.300000190734863,8.149999618530273,8.149999618530273,8.149999618530273,492700
15m,2023-11-22 10:15:00,8.149999618530273,8.25,8.149999618530273,8.25,8.25,694600
15m,2023-11-22 10:30:00,8.25,8.25,8.199999809265137,8.25,8.25,35290
15m,2023-11-22 10:45:00,8.25,8.25,8.199999809265137,8.25,8.25,155713
15m,2023-11-22 11:00:00,8.25,8.25,8.199999809265137,8.25,8.25,99323
15m,2023-11-22 11:15:00,8.25,8.25,8.199999809265137,8.199999809265137,8.199999809265137,16500
15m,2023-11-22 11:30:00,8.199999809265137,8.25,8.149999618530273,8.199999809265137,8.199999809265137,536445
15m,2023-11-22 11:45:00,8.149999618530273,8.25,8.149999618530273,8.25,8.25,483505
15m,2023-11-22 12:00:00,8.25,8.25,8.199999809265137,8.25,8.25,52900
15m,2023-11-22 12:15:00,8.25,8.25,8.149999618530273,8.199999809265137,8.199999809265137,376300
15m,2023-11-22 14:15:00,8.149999618530273,8.199999809265137,8.149999618530273,8.199999809265137,8.199999809265137,11600
15m,2023-11-22 14:30:00,8.149999618530273,8.199999809265137,8.149999618530273,8.199999809265137,8.199999809265137,77601
15m,2023-11-22 14:45:00,8.149999618530273,8.199999809265137,8.149999618530273,8.199999809265137,8.199999809265137,52000
15m,2023-11-22 15:00:00,8.149999618530273,8.25,8.149999618530273,8.149999618530273,8.149999618530273,576635
15m,2023-11-22 15:15:00,8.199999809265137,8.199999809265137,8.149999618530273,8.199999809265137,8.199999809265137,65913
15m,2023-11-22 15:30:00,8.199999809265137,8.199999809265137,8.149999618530273,8.199999809265137,8.199999809265137,13110
15m,2023-11-22 15:45:00,8.199999809265137,8.199999809265137,8.149999618530273,8.199999809265137,8.199999809265137,127900
15m,2023-11-22 16:00:00,8.199999809265137,8.25,8.199999809265137,8.25,8.25,203100
15m,2023-11-22 16:15:00,8.199999809265137,8.25,8.199999809265137,8.25,8.25,61640
15m,2023-11-23 10:00:00,8.149999618530273,8.199999809265137,8.100000381469727,8.100000381469727,8.100000381469727,188600
15m,2023-11-23 10:15:00,8.149999618530273,8.199999809265137,8.149999618530273,8.199999809265137,8.199999809265137,105420
15m,2023-11-23 10:30:00,8.199999809265137,8.199999809265137,8.199999809265137,8.199999809265137,8.199999809265137,189610
15m,2023-11-23 10:45:00,8.199999809265137,8.199999809265137,8.149999618530273,8.149999618530273,8.149999618530273,170905
15m,2023-11-23 11:00:00,8.149999618530273,8.199999809265137,8.149999618530273,8.149999618530273,8.149999618530273,40600
15m,2023-11-23 11:15:00,8.149999618530273,8.199999809265137,8.149999618530273,8.149999618530273,8.149999618530273,32700
15m,2023-11-23 11:30:00,8.149999618530273,8.199999809265137,8.149999618530273,8.199999809265137,8.199999809265137,33700
15m,2023-11-23 11:45:00,8.149999618530273,8.199999809265137,8.149999618530273,8.149999618530273,8.149999618530273,10900
15m,2023-11-23 12:00:00,8.149999618530273,8.199999809265137,8.149999618530273,8.149999618530273,8.149999618530273,9300
15m,2023-11-23 12:15:00,8.149999618530273,8.199999809265137,8.149999618530273,8.149999618530273,8.149999618530273,64500
15m,2023-11-23 14:15:00,8.149999618530273,8.149999618530273,8.149999618530273,8.149999618530273,8.149999618530273,28500
15m,2023-11-23 14:30:00,8.199999809265137,8.199999809265137,8.149999618530273,8.149999618530273,8.149999618530273,48825
15m,2023-11-23 14:45:00,8.149999618530273,8.199999809265137,8.149999618530273,8.149999618530273,8.149999618530273,24706
15m,2023-11-23 15:00:00,8.199999809265137,8.199999809265137,8.199999809265137,8.199999809265137,8.199999809265137,935
15m,2023-11-23 15:15:00,8.149999618530273,8.199999809265137,8.149999618530273,8.199999809265137,8.199999809265137,13300
15m,2023-11-23 15:30:00,8.199999809265137,8.199999809265137,8.100000381469727,8.149999618530273,8.149999618530273,1451710
15m,2023-11-23 15:45:00,8.199999809265137,8.199999809265137,8.149999618530273,8.149999618530273,8.149999618530273,308200
15m,2023-11-23 16:00:00,8.149999618530273,8.199999809265137,8.149999618530273,8.149999618530273,8.149999618530273,67100
15m,2023-11-23 16:15:00,8.149999618530273,8.199999809265137,8.149999618530273,8.149999618530273,8.149999618530273,264801
15m,2023-11-24 10:00:00,8.149999618530273,8.199999809265137,8.149999618530273,8.149999618530273,8.149999618530273,416200
15m,2023-11-24 10:15:00,8.199999809265137,8.199999809265137,8.149999618530273,8.149999618530273,8.149999618530273,81120
15m,2023-11-24 10:30:00,8.149999618530273,8.199999809265137,8.100000381469727,8.149999618530273,8.149999618530273,567522
15m,2023-11-24 10:45:00,8.100000381469727,8.149999618530273,8.100000381469727,8.149999618530273,8.149999618530273,43800
15m,2023-11-24 11:00:00,8.149999618530273,8.149999618530273,8.100000381469727,8.149999618530273,8.149999618530273,5800
15m,2023-11-24 11:15:00,8.100000381469727,8.149999618530273,8.050000190734863,8.050000190734863,8.050000190734863,433657
15m,2023-11-24 11:30:00,8.050000190734863,8.149999618530273,8.050000190734863,8.100000381469727,8.100000381469727,291900
15m,2023-11-24 11:45:00,8.149999618530273,8.149999618530273,8.100000381469727,8.149999618530273,8.149999618530273,43100
15m,2023-11-24 12:00:00,8.149999618530273,8.149999618530273,8.100000381469727,8.149999618530273,8.149999618530273,61100
15m,2023-11-24 12:15:00,8.149999618530273,8.149999618530273,8.149999618530273,8.149999618530273,8.149999618530273,61000
15m,2023-11-24 14:15:00,8.149999618530273,8.149999618530273,8.149999618530273,8.149999618530273,8.149999618530273,96000
15m,2023-11-24 14:30:00,8.149999618530273,8.199999809265137,8.100000381469727,8.149999618530273,8.149999618530273,852000
15m,2023-11-24 14:45:00,8.149999618530273,8.199999809265137,8.149999618530273,8.149999618530273,8.149999618530273,82110
15m,2023-11-24 15:00:00,8.199999809265137,8.199999809265137,8.149999618530273,8.199999809265137,8.199999809265137,55600
15m,2023-11-24 15:15:00,8.199999809265137,8.199999809265137,8.149999618530273,8.199999809265137,8.199999809265137,105000
15m,2023-11-24 15:30:00,8.199999809265137,8.199999809265137,8.149999618530273,8.199999809265137,8.199999809265137,66505
15m,2023-11-24 15:45:00,8.199999809265137,8.199999809265137,8.149999618530273,8.199999809265137,8.199999809265137,103201
15m,2023-11-24 16:00:00,8.199999809265137,8.199999809265137,8.149999618530273,8.199999809265137,8.199999809265137,86620
15m,2023-11-24 16:15:00,8.199999809265137,8.199999809265137,8.149999618530273,8.149999618530273,8.149999618530273,431802
15m,2023-11-27 10:00:00,8.100000381469727,8.100000381469727,8.050000190734863,8.100000381469727,8.100000381469727,359000
15m,2023-11-27 10:15:00,8.100000381469727,8.100000381469727,8.100000381469727,8.100000381469727,8.100000381469727,435800
15m,2023-11-27 10:30:00,8.149999618530273,8.149999618530273,8.100000381469727,8.149999618530273,8.149999618530273,17300
15m,2023-11-27 10:45:00,8.149999618530273,8.149999618530273,8.100000381469727,8.149999618530273,8.149999618530273,293907
15m,2023-11-27 11:00:00,8.100000381469727,8.199999809265137,8.100000381469727,8.199999809265137,8.199999809265137,857010
15m,2023-11-27 11:15:00,8.199999809265137,8.199999809265137,8.149999618530273,8.149999618530273,8.149999618530273,383368
15m,2023-11-27 11:30:00,8.149999618530273,8.199999809265137,8.149999618530273,8.149999618530273,8.149999618530273,33800
15m,2023-11-27 11:45:00,8.149999618530273,8.149999618530273,8.149999618530273,8.149999618530273,8.149999618530273,46309
15m,2023-11-27 12:00:00,8.199999809265137,8.199999809265137,8.149999618530273,8.149999618530273,8.149999618530273,30100
15m,2023-11-27 12:15:00,8.149999618530273,8.199999809265137,8.149999618530273,8.199999809265137,8.199999809265137,33100
15m,2023-11-27 14:15:00,8.149999618530273,8.149999618530273,8.100000381469727,8.149999618530273,8.149999618530273,578500
15m,2023-11-27 14:30:00,8.149999618530273,8.199999809265137,8.100000381469727,8.199999809265137,8.199999809265137,436200
15m,2023-11-27 14:45:00,8.149999618530273,8.199999809265137,8.149999618530273,8.149999618530273,8.149999618530273,111800
15m,2023-11-27 15:00:00,8.199999809265137,8.199999809265137,8.149999618530273,8.149999618530273,8.149999618530273,22700
15m,2023-11-27 15:15:00,8.149999618530273,8.199999809265137,8.149999618530273,8.199999809265137,8.199999809265137,25100
15m,2023-11-27 15:30:00,8.149999618530273,8.199999809265137,8.100000381469727,8.100000381469727,8.100000381469727,177916
15m,2023-11-27 15:45:00,8.149999618530273,8.149999618530273,8.100000381469727,8.100000381469727,8.100000381469727,21100
15m,2023-11-27 16:00:00,8.100000381469727,8.149999618530273,8.100000381469727,8.149999618530273,8.149999618530273,33600
15m,2023-11-27 16:15:00,8.100000381469727,8.149999618530273,8.100000381469727,8.149999618530273,8.149999618530273,202830
15m,2023-11-28 10:00:00,8.149999618530273,8.199999809265137,8.050000190734863,8.100000381469727,8.100000381469727,468800
15m,2023-11-28 10:15:00,8.100000381469727,8.149999618530273,8.050000190734863,8.149999618530273,8.149999618530273,203200
15m,2023-11-28 10:30:00,8.149999618530273,8.149999618530273,8.149999618530273,8.149999618530273,8.149999618530273,585600
15m,2023-11-28 10:45:00,8.149999618530273,8.149999618530273,8.100000381469727,8.149999618530273,8.149999618530273,61500
15m,2023-11-28 11:00:00,8.149999618530273,8.149999618530273,8.100000381469727,8.100000381469727,8.100000381469727,127200
15m,2023-11-28 11:15:00,8.100000381469727,8.149999618530273,8.100000381469727,8.100000381469727,8.100000381469727,176700
15m,2023-11-28 11:30:00,8.100000381469727,8.149999618530273,8.050000190734863,8.100000381469727,8.100000381469727,707425
15m,2023-11-28 11:45:00,8.100000381469727,8.100000381469727,8.100000381469727,8.100000381469727,8.100000381469727,401700
15m,2023-11-28 12:00:00,8.100000381469727,8.100000381469727,8.050000190734863,8.100000381469727,8.100000381469727,87500
15m,2023-11-28 12:15:00,8.100000381469727,8.100000381469727,8.050000190734863,8.050000190734863,8.050000190734863,36400
15m,2023-11-28 14:15:00,8.050000190734863,8.100000381469727,8.050000190734863,8.100000381469727,8.100000381469727,177500
15m,2023-11-28 14:30:00,8.100000381469727,8.149999618530273,8.0,8.050000190734863,8.050000190734863,1227113
15m,2023-11-28 14:45:00,8.050000190734863,8.100000381469727,8.0,8.050000190734863,8.050000190734863,467662
15m,2023-11-28 15:00:00,8.100000381469727,8.100000381469727,8.100000381469727,8.100000381469727,8.100000381469727,16400
15m,2023-11-28 15:15:00,8.100000381469727,8.100000381469727,8.050000190734863,8.100000381469727,8.100000381469727,14100
15m,2023-11-28 15:30:00,8.100000381469727,8.100000381469727,8.050000190734863,8.100000381469727,8.100000381469727,1057500
15m,2023-11-28 15:45:00,8.100000381469727,8.100000381469727,8.050000190734863,8.100000381469727,8.100000381469727,880450
15m,2023-11-28 16:00:00,8.100000381469727,8.100000381469727,8.050000190734863,8.100000381469727,8.100000381469727,56900
15m,2023-11-28 16:15:00,8.100000381469727,8.149999618530273,8.050000190734863,8.149999618530273,8.149999618530273,736649
15m,2023-11-29 10:00:00,8.149999618530273,8.149999618530273,8.100000381469727,8.100000381469727,8.100000381469727,735800
15m,2023-11-29 10:15:00,8.100000381469727,8.149999618530273,8.100000381469727,8.100000381469727,8.100000381469727,588400
15m,2023-11-29 10:30:00,8.149999618530273,8.25,8.100000381469727,8.199999809265137,8.199999809265137,1624400
15m,2023-11-29 10:45:00,8.149999618530273,8.199999809265137,8.149999618530273,8.199999809265137,8.199999809265137,29400
15m,2023-11-29 11:00:00,8.199999809265137,8.199999809265137,8.149999618530273,8.149999618530273,8.149999618530273,172100
15m,2023-11-29 11:15:00,8.199999809265137,8.300000190734863,8.149999618530273,8.25,8.25,2268912
15m,2023-11-29 11:30:00,8.300000190734863,8.350000381469727,8.300000190734863,8.350000381469727,8.350000381469727,4193028
15m,2023-11-29 11:45:00,8.300000190734863,8.350000381469727,8.300000190734863,8.300000190734863,8.300000190734863,735414
15m,2023-11-29 12:00:00,8.350000381469727,8.350000381469727,8.25,8.25,8.25,1082300
15m,2023-11-29 12:15:00,8.300000190734863,8.300000190734863,8.25,8.300000190734863,8.300000190734863,396500
15m,2023-11-29 14:15:00,8.300000190734863,8.300000190734863,8.300000190734863,8.300000190734863,8.300000190734863,122200
15m,2023-11-29 14:30:00,8.25,8.300000190734863,8.25,8.25,8.25,344706
15m,2023-11-29 14:45:00,8.25,8.300000190734863,8.25,8.300000190734863,8.300000190734863,663400
15m,2023-11-29 15:00:00,8.300000190734863,8.300000190734863,8.25,8.300000190734863,8.300000190734863,233228
15m,2023-11-29 15:15:00,8.300000190734863,8.300000190734863,8.25,8.300000190734863,8.300000190734863,324101
15m,2023-11-29 15:30:00,8.300000190734863,8.300000190734863,8.25,8.25,8.25,2420500
15m,2023-11-29 15:45:00,8.25,8.300000190734863,8.25,8.25,8.25,282100
15m,2023-11-29 16:00:00,8.300000190734863,8.300000190734863,8.25,8.300000190734863,8.300000190734863,1262820
15m,2023-11-29 16:15:00,8.25,8.300000190734863,8.25,8.300000190734863,8.300000190734863,1888302
15m,2023-11-30 10:00:00,8.25,8.350000381469727,8.199999809265137,8.300000190734863,8.300000190734863,1911300
15m,2023-11-30 10:15:00,8.300000190734863,8.300000190734863,8.199999809265137,8.199999809265137,8.199999809265137,1565430
15m,2023-11-30 10:30:00,8.199999809265137,8.300000190734863,8.199999809265137,8.199999809265137,8.199999809265137,649000
15m,2023-11-30 10:45:00,8.199999809265137,8.25,8.100000381469727,8.100000381469727,8.100000381469727,2439923
15m,2023-11-30 11:00:00,8.100000381469727,8.199999809265137,8.100000381469727,8.100000381469727,8.100000381469727,1583900
15m,2023-11-30 11:15:00,8.100000381469727,8.199999809265137,8.100000381469727,8.149999618530273,8.149999618530273,712900
15m,2023-11-30 11:30:00,8.100000381469727,8.199999809265137,8.100000381469727,8.149999618530273,8.149999618530273,191200
15m,2023-11-30 11:45:00,8.149999618530273,8.199999809265137,8.149999618530273,8.149999618530273,8.149999618530273,311866
15m,2023-11-30 12:00:00,8.149999618530273,8.199999809265137,8.149999618530273,8.199999809265137,8.199999809265137,239300
15m,2023-11-30 12:15:00,8.149999618530273,8.25,8.149999618530273,8.199999809265137,8.199999809265137,1344101
15m,2023-11-30 14:15:00,8.25,8.25,8.199999809265137,8.199999809265137,8.199999809265137,118700
15m,2023-11-30 14:30:00,8.199999809265137,8.25,8.199999809265137,8.25,8.25,666800
15m,2023-11-30 14:45:00,8.25,8.25,8.199999809265137,8.199999809265137,8.199999809265137,461533
15m,2023-11-30 15:00:00,8.25,8.25,8.149999618530273,8.199999809265137,8.199999809265137,518100
15m,2023-11-30 15:15:00,8.149999618530273,8.199999809265137,8.100000381469727,8.149999618530273,8.149999618530273,697000
15m,2023-11-30 15:30:00,8.100000381469727,8.149999618530273,8.100000381469727,8.100000381469727,8.100000381469727,302168
15m,2023-11-30 15:45:00,8.100000381469727,8.149999618530273,8.050000190734863,8.100000381469727,8.100000381469727,1791700
15m,2023-11-30 16:00:00,8.100000381469727,8.149999618530273,8.050000190734863,8.149999618530273,8.149999618530273,1113300
15m,2023-11-30 16:15:00,8.149999618530273,8.199999809265137,8.100000381469727,8.100000381469727,8.100000381469727,1272117
15m,2023-12-01 10:00:00,8.100000381469727,8.149999618530273,8.0,8.149999618530273,8.149999618530273,1216518
15m,2023-12-01 10:15:00,8.149999618530273,8.149999618530273,8.100000381469727,8.100000381469727,8.100000381469727,1351705
15m,2023-12-01 10:30:00,8.100000381469727,8.199999809265137,8.050000190734863,8.199999809265137,8.199999809265137,1250200
15m,2023-12-01 10:45:00,8.199999809265137,8.199999809265137,8.149999618530273,8.199999809265137,8.199999809265137,163713
15m,2023-12-01 11:00:00,8.149999618530273,8.199999809265137,8.149999618530273,8.199999809265137,8.199999809265137,918700
15m,2023-12-01 11:15:00,8.199999809265137,8.25,8.149999618530273,8.149999618530273,8.149999618530273,615001
15m,2023-12-01 11:30:00,8.199999809265137,8.199999809265137,8.149999618530273,8.149999618530273,8.149999618530273,154600
15m,2023-12-01 11:45:00,8.199999809265137,8.199999809265137,8.100000381469727,8.100000381469727,8.100000381469727,574200
15m,2023-12-01 12:00:00,8.149999618530273,8.149999618530273,8.100000381469727,8.100000381469727,8.100000381469727,308201
15m,2023-12-01 12:15:00,8.149999618530273,8.199999809265137,8.100000381469727,8.149999618530273,8.149999618530273,1064508
15m,2023-12-01 14:15:00,8.149999618530273,8.149999618530273,8.050000190734863,8.050000190734863,8.050000190734863,836100
15m,2023-12-01 14:30:00,8.050000190734863,8.100000381469727,8.050000190734863,8.100000381469727,8.100000381469727,70747
15m,2023-12-01 14:45:00,8.100000381469727,8.100000381469727,8.050000190734863,8.100000381469727,8.100000381469727,187500
15m,2023-12-01 15:00:00,8.100000381469727,8.100000381469727,8.050000190734863,8.100000381469727,8.100000381469727,80500
15m,2023-12-01 15:15:00,8.100000381469727,8.100000381469727,8.050000190734863,8.100000381469727,8.100000381469727,265900
15m,2023-12-01 15:30:00,8.100000381469727,8.100000381469727,8.050000190734863,8.050000190734863,8.050000190734863,306022
15m,2023-12-01 15:45:00,8.100000381469727,8.100000381469727,8.050000190734863,8.100000381469727,8.100000381469727,141161
15m,2023-12-01 16:00:00,8.100000381469727,8.100000381469727,8.050000190734863,8.100000381469727,8.100000381469727,369878
15m,2023-12-01 16:15:00,8.100000381469727,8.100000381469727,8.0,8.100000381469727,8.100000381469727,1240319
15m,2023-12-04 10:00:00,8.050000190734863,8.100000381469727,8.0,8.050000190734863,8.050000190734863,244600
15m,2023-12-04 10:15:00,8.0,8.050000190734863,7.949999809265137,8.050000190734863,8.050000190734863,1779700
15m,2023-12-04 10:30:00,8.050000190734863,8.100000381469727,8.050000190734863,8.100000381469727,8.100000381469727,369000
15m,2023-12-04 10:45:00,8.100000381469727,8.149999618530273,8.050000190734863,8.149999618530273,8.149999618530273,1194800
15m,2023-12-04 11:00:00,8.149999618530273,8.149999618530273,8.100000381469727,8.149999618530273,8.149999618530273,159700
15m,2023-12-04 11:15:00,8.149999618530273,8.149999618530273,8.100000381469727,8.149999618530273,8.149999618530273,166303
15m,2023-12-04 11:30:00,8.100000381469727,8.149999618530273,8.100000381469727,8.149999618530273,8.149999618530273,84500
15m,2023-12-04 11:45:00,8.100000381469727,8.149999618530273,8.100000381469727,8.149999618530273,8.149999618530273,109600
15m,2023-12-04 12:00:00,8.100000381469727,8.149999618530273,8.100000381469727,8.149999618530273,8.149999618530273,63300
15m,2023-12-04 12:15:00,8.100000381469727,8.149999618530273,8.050000190734863,8.100000381469727,8.100000381469727,385120
15m,2023-12-04 14:15:00,8.050000190734863,8.100000381469727,8.050000190734863,8.100000381469727,8.100000381469727,661200
15m,2023-12-04 14:30:00,8.050000190734863,8.100000381469727,8.050000190734863,8.100000381469727,8.100000381469727,332900
15m,2023-12-04 14:45:00,8.050000190734863,8.100000381469727,8.050000190734863,8.100000381469727,8.100000381469727,77000
15m,2023-12-04 15:00:00,8.100000381469727,8.100000381469727,8.0,8.050000190734863,8.050000190734863,1459300
15m,2023-12-04 15:15:00,8.100000381469727,8.100000381469727,8.0,8.050000190734863,8.050000190734863,794405
15m,2023-12-04 15:30:00,8.050000190734863,8.100000381469727,8.0,8.0,8.0,720042
15m,2023-12-04 15:45:00,8.050000190734863,8.050000190734863,8.0,8.050000190734863,8.050000190734863,146302
15m,2023-12-04 16:00:00,8.0,8.100000381469727,8.0,8.100000381469727,8.100000381469727,501323
15m,2023-12-04 16:15:00,8.050000190734863,8.100000381469727,8.0,8.050000190734863,8.050000190734863,878100
15m,2023-12-06 10:00:00,8.0,8.050000190734863,7.949999809265137,8.0,8.0,356209
15m,2023-12-06 10:15:00,8.0,8.100000381469727,7.949999809265137,8.050000190734863,8.050000190734863,327500
15m,2023-12-06 10:30:00,8.100000381469727,8.100000381469727,8.0,8.050000190734863,8.050000190734863,464100
15m,2023-12-06 10:45:00,8.050000190734863,8.050000190734863,8.0,8.0,8.0,95900
15m,2023-12-06 11:00:00,8.0,8.050000190734863,8.0,8.050000190734863,8.050000190734863,65668
15m,2023-12-06 11:15:00,8.050000190734863,8.100000381469727,8.0,8.100000381469727,8.100000381469727,251900
15m,2023-12-06 11:30:00,8.100000381469727,8.100000381469727,8.050000190734863,8.100000381469727,8.100000381469727,76215
15m,2023-12-06 11:45:00,8.100000381469727,8.100000381469727,8.050000190734863,8.050000190734863,8.050000190734863,46500
15m,2023-12-06 12:00:00,8.100000381469727,8.100000381469727,8.050000190734863,8.050000190734863,8.050000190734863,23700
15m,2023-12-06 12:15:00,8.100000381469727,8.100000381469727,8.050000190734863,8.100000381469727,8.100000381469727,92500
15m,2023-12-06 14:15:00,8.100000381469727,8.100000381469727,8.100000381469727,8.100000381469727,8.100000381469727,41745
15m,2023-12-06 14:30:00,8.100000381469727,8.100000381469727,8.0,8.050000190734863,8.050000190734863,561954
15m,2023-12-06 14:45:00,8.100000381469727,8.100000381469727,8.050000190734863,8.050000190734863,8.050000190734863,10300
15m,2023-12-06 15:00:00,8.050000190734863,8.100000381469727,8.050000190734863,8.100000381469727,8.100000381469727,39500
15m,2023-12-06 15:15:00,8.100000381469727,8.100000381469727,8.050000190734863,8.100000381469727,8.100000381469727,41900
15m,2023-12-06 15:30:00,8.100000381469727,8.100000381469727,8.050000190734863,8.100000381469727,8.100000381469727,136901
15m,2023-12-06 15:45:00,8.100000381469727,8.100000381469727,8.050000190734863,8.100000381469727,8.100000381469727,113700
15m,2023-12-06 16:00:00,8.050000190734863,8.100000381469727,8.050000190734863,8.100000381469727,8.100000381469727,41701
15m,2023-12-06 16:15:00,8.050000190734863,8.100000381469727,8.0,8.050000190734863,8.050000190734863,1100600
15m,2023-12-07 10:00:00,8.0,8.0,7.800000190734863,7.849999904632568,7.849999904632568,3046370
15m,2023-12-07 10:15:00,7.849999904632568,7.849999904632568,7.75,7.75,7.75,3982989
15m,2023-12-07 10:30:00,7.800000190734863,7.849999904632568,7.75,7.800000190734863,7.800000190734863,1025104
15m,2023-12-07 10:45:00,7.800000190734863,7.800000190734863,7.699999809265137,7.75,7.75,2119975
15m,2023-12-07 11:00:00,7.75,7.75,7.650000095367432,7.699999809265137,7.699999809265137,1732100
15m,2023-12-07 11:15:00,7.699999809265137,7.75,7.650000095367432,7.75,7.75,1668800
15m,2023-12-07 11:30:00,7.75,7.800000190734863,7.75,7.800000190734863,7.800000190734863,48500
15m,2023-12-07 11:45:00,7.75,7.800000190734863,7.699999809265137,7.699999809265137,7.699999809265137,1561600
15m,2023-12-07 12:00:00,7.699999809265137,7.75,7.699999809265137,7.75,7.75,139677
15m,2023-12-07 12:15:00,7.699999809265137,7.800000190734863,7.699999809265137,7.800000190734863,7.800000190734863,902200
15m,2023-12-07 14:15:00,7.75,7.800000190734863,7.75,7.800000190734863,7.800000190734863,109400
15m,2023-12-07 14:30:00,7.75,7.800000190734863,7.75,7.800000190734863,7.800000190734863,127410
15m,2023-12-07 14:45:00,7.75,7.849999904632568,7.75,7.849999904632568,7.849999904632568,1513700
15m,2023-12-07 15:00:00,7.849999904632568,7.849999904632568,7.800000190734863,7.800000190734863,7.800000190734863,1171780
15m,2023-12-07 15:15:00,7.800000190734863,7.800000190734863,7.75,7.800000190734863,7.800000190734863,1172700
15m,2023-12-07 15:30:00,7.800000190734863,7.800000190734863,7.75,7.800000190734863,7.800000190734863,1289708
15m,2023-12-07 15:45:00,7.75,7.849999904632568,7.75,7.849999904632568,7.849999904632568,2654420
15m,2023-12-07 16:00:00,7.849999904632568,7.949999809265137,7.849999904632568,7.900000095367432,7.900000095367432,2934600
15m,2023-12-07 16:15:00,7.849999904632568,7.949999809265137,7.849999904632568,7.900000095367432,7.900000095367432,2783318
15m,2023-12-08 10:00:00,7.949999809265137,7.949999809265137,7.849999904632568,7.900000095367432,7.900000095367432,1054300
15m,2023-12-08 10:15:00,7.900000095367432,7.949999809265137,7.900000095367432,7.900000095367432,7.900000095367432,5526
15m,2023-12-08 10:30:00,7.900000095367432,7.949999809265137,7.900000095367432,7.900000095367432,7.900000095367432,115500
15m,2023-12-08 10:45:00,7.949999809265137,7.949999809265137,7.900000095367432,7.900000095367432,7.900000095367432,23781
15m,2023-12-08 11:00:00,7.900000095367432,7.949999809265137,7.900000095367432,7.949999809265137,7.949999809265137,75700
15m,2023-12-08 11:15:00,7.900000095367432,7.949999809265137,7.900000095367432,7.900000095367432,7.900000095367432,500901
15m,2023-12-08 11:30:00,7.900000095367432,7.949999809265137,7.900000095367432,7.900000095367432,7.900000095367432,444500
15m,2023-12-08 11:45:00,7.900000095367432,7.949999809265137,7.900000095367432,7.900000095367432,7.900000095367432,117600
15m,2023-12-08 12:00:00,7.900000095367432,7.900000095367432,7.900000095367432,7.900000095367432,7.900000095367432,35003
15m,2023-12-08 12:15:00,7.900000095367432,7.900000095367432,7.900000095367432,7.900000095367432,7.900000095367432,72300
15m,2023-12-08 14:15:00,7.900000095367432,7.900000095367432,7.900000095367432,7.900000095367432,7.900000095367432,216500
15m,2023-12-08 14:30:00,7.900000095367432,7.900000095367432,7.900000095367432,7.900000095367432,7.900000095367432,1047101
15m,2023-12-08 14:45:00,7.900000095367432,7.949999809265137,7.900000095367432,7.900000095367432,7.900000095367432,149200
15m,2023-12-08 15:00:00,7.900000095367432,7.900000095367432,7.849999904632568,7.900000095367432,7.900000095367432,50255
15m,2023-12-08 15:15:00,7.849999904632568,7.900000095367432,7.849999904632568,7.900000095367432,7.900000095367432,66300
15m,2023-12-08 15:30:00,7.900000095367432,7.900000095367432,7.849999904632568,7.849999904632568,7.849999904632568,59280
15m,2023-12-08 15:45:00,7.849999904632568,7.900000095367432,7.849999904632568,7.849999904632568,7.849999904632568,102800
15m,2023-12-08 16:00:00,7.849999904632568,7.900000095367432,7.849999904632568,7.849999904632568,7.849999904632568,81005
15m,2023-12-08 16:15:00,7.849999904632568,7.900000095367432,7.849999904632568,7.900000095367432,7.900000095367432,213400
15m,2023-12-12 10:00:00,7.849999904632568,7.949999809265137,7.800000190734863,7.900000095367432,7.900000095367432,157180
15m,2023-12-12 10:15:00,7.900000095367432,7.900000095367432,7.900000095367432,7.900000095367432,7.900000095367432,27400
15m,2023-12-12 10:30:00,7.900000095367432,7.900000095367432,7.849999904632568,7.849999904632568,7.849999904632568,411500
15m,2023-12-12 10:45:00,7.849999904632568,7.900000095367432,7.849999904632568,7.849999904632568,7.849999904632568,143823
15m,2023-12-12 11:00:00,7.900000095367432,7.900000095367432,7.849999904632568,7.849999904632568,7.849999904632568,31921
15m,2023-12-12 11:15:00,7.849999904632568,7.900000095367432,7.849999904632568,7.849999904632568,7.849999904632568,20201
15m,2023-12-12 11:30:00,7.849999904632568,7.849999904632568,7.849999904632568,7.849999904632568,7.849999904632568,18704
15m,2023-12-12 11:45:00,7.900000095367432,7.900000095367432,7.849999904632568,7.849999904632568,7.849999904632568,471500
15m,2023-12-12 12:00:00,7.849999904632568,7.900000095367432,7.849999904632568,7.849999904632568,7.849999904632568,146605
15m,2023-12-12 12:15:00,7.900000095367432,7.900000095367432,7.849999904632568,7.849999904632568,7.849999904632568,80200
15m,2023-12-12 14:15:00,7.800000190734863,7.849999904632568,7.800000190734863,7.849999904632568,7.849999904632568,380328
15m,2023-12-12 14:30:00,7.900000095367432,7.949999809265137,7.849999904632568,7.900000095367432,7.900000095367432,336100
15m,2023-12-12 14:45:00,7.900000095367432,7.949999809265137,7.900000095367432,7.900000095367432,7.900000095367432,222200
15m,2023-12-12 15:00:00,7.900000095367432,7.900000095367432,7.849999904632568,7.849999904632568,7.849999904632568,609000
15m,2023-12-12 15:15:00,7.849999904632568,7.900000095367432,7.849999904632568,7.849999904632568,7.849999904632568,24100
15m,2023-12-12 15:30:00,7.849999904632568,7.900000095367432,7.849999904632568,7.849999904632568,7.849999904632568,60519
15m,2023-12-12 15:45:00,7.849999904632568,7.900000095367432,7.849999904632568,7.849999904632568,7.849999904632568,34809
15m,2023-12-12 16:00:00,7.900000095367432,7.900000095367432,7.849999904632568,7.900000095367432,7.900000095367432,193900
15m,2023-12-12 16:15:00,7.849999904632568,7.900000095367432,7.800000190734863,7.900000095367432,7.900000095367432,1037500
15m,2023-12-13 10:00:00,7.75,7.75,7.699999809265137,7.75,7.75,622800
15m,2023-12-13 10:15:00,7.75,7.75,7.650000095367432,7.75,7.75,1122301
15m,2023-12-13 10:30:00,7.75,7.75,7.699999809265137,7.75,7.75,204300
15m,2023-12-13 10:45:00,7.75,7.800000190734863,7.75,7.75,7.75,375500
15m,2023-12-13 11:00:00,7.800000190734863,7.800000190734863,7.75,7.75,7.75,171700
15m,2023-12-13 11:15:00,7.75,7.800000190734863,7.75,7.800000190734863,7.800000190734863,143235
15m,2023-12-13 11:30:00,7.75,7.800000190734863,7.75,7.75,7.75,194100
15m,2023-12-13 11:45:00,7.800000190734863,7.800000190734863,7.699999809265137,7.699999809265137,7.699999809265137,588813
15m,2023-12-13 12:00:00,7.75,7.75,7.699999809265137,7.699999809265137,7.699999809265137,211900
15m,2023-12-13 12:15:00,7.699999809265137,7.75,7.650000095367432,7.699999809265137,7.699999809265137,625602
15m,2023-12-13 14:15:00,7.650000095367432,7.699999809265137,7.650000095367432,7.650000095367432,7.650000095367432,166000
15m,2023-12-13 14:30:00,7.699999809265137,7.699999809265137,7.550000190734863,7.599999904632568,7.599999904632568,2923200
15m,2023-12-13 14:45:00,7.550000190734863,7.650000095367432,7.550000190734863,7.650000095367432,7.650000095367432,526903
15m,2023-12-13 15:00:00,7.650000095367432,7.650000095367432,7.599999904632568,7.650000095367432,7.650000095367432,75700
15m,2023-12-13 15:15:00,7.650000095367432,7.650000095367432,7.599999904632568,7.650000095367432,7.650000095367432,962400
15m,2023-12-13 15:30:00,7.699999809265137,7.699999809265137,7.599999904632568,7.599999904632568,7.599999904632568,633800
15m,2023-12-13 15:45:00,7.650000095367432,7.699999809265137,7.599999904632568,7.650000095367432,7.650000095367432,366500
15m,2023-12-13 16:00:00,7.699999809265137,7.699999809265137,7.5,7.550000190734863,7.550000190734863,2558381
15m,2023-12-13 16:15:00,7.599999904632568,7.650000095367432,7.550000190734863,7.650000095367432,7.650000095367432,2067700
15m,2023-12-14 10:00:00,7.699999809265137,7.800000190734863,7.699999809265137,7.800000190734863,7.800000190734863,1477200
15m,2023-12-14 10:15:00,7.75,7.800000190734863,7.75,7.75,7.75,13413
15m,2023-12-14 10:30:00,7.800000190734863,7.849999904632568,7.75,7.800000190734863,7.800000190734863,427502
15m,2023-12-14 10:45:00,7.800000190734863,7.849999904632568,7.800000190734863,7.800000190734863,7.800000190734863,429613
15m,2023-12-14 11:00:00,7.75,7.849999904632568,7.75,7.849999904632568,7.849999904632568,572200
15m,2023-12-14 11:15:00,7.900000095367432,7.900000095367432,7.849999904632568,7.849999904632568,7.849999904632568,480802
15m,2023-12-14 11:30:00,7.800000190734863,7.800000190734863,7.800000190734863,7.800000190734863,7.800000190734863,18500
15m,2023-12-14 11:45:00,7.800000190734863,7.849999904632568,7.800000190734863,7.800000190734863,7.800000190734863,150800
15m,2023-12-14 12:00:00,7.800000190734863,7.849999904632568,7.800000190734863,7.800000190734863,7.800000190734863,20600
15m,2023-12-14 12:15:00,7.849999904632568,7.849999904632568,7.800000190734863,7.800000190734863,7.800000190734863,20500
15m,2023-12-14 14:15:00,7.800000190734863,7.849999904632568,7.800000190734863,7.800000190734863,7.800000190734863,20800
15m,2023-12-14 14:30:00,7.849999904632568,7.900000095367432,7.849999904632568,7.900000095367432,7.900000095367432,246713
15m,2023-12-14 14:45:00,7.849999904632568,7.900000095367432,7.849999904632568,7.900000095367432,7.900000095367432,22900
15m,2023-12-14 15:00:00,7.849999904632568,7.900000095367432,7.849999904632568,7.849999904632568,7.849999904632568,19700
15m,2023-12-14 15:15:00,7.900000095367432,7.900000095367432,7.849999904632568,7.900000095367432,7.900000095367432,14201
15m,2023-12-14 15:30:00,7.849999904632568,7.900000095367432,7.800000190734863,7.800000190734863,7.800000190734863,816100
15m,2023-12-14 15:45:00,7.800000190734863,7.849999904632568,7.800000190734863,7.800000190734863,7.800000190734863,6300
15m,2023-12-14 16:00:00,7.800000190734863,7.849999904632568,7.800000190734863,7.800000190734863,7.800000190734863,214300
15m,2023-12-14 16:15:00,7.849999904632568,7.849999904632568,7.800000190734863,7.849999904632568,7.849999904632568,131600
15m,2023-12-15 10:00:00,7.949999809265137,8.050000190734863,7.900000095367432,8.0,8.0,876426
15m,2023-12-15 10:15:00,8.0,8.050000190734863,8.0,8.050000190734863,8.050000190734863,1611115
15m,2023-12-15 10:30:00,8.050000190734863,8.100000381469727,8.0,8.050000190734863,8.050000190734863,1337459
15m,2023-12-15 10:45:00,8.050000190734863,8.050000190734863,8.050000190734863,8.050000190734863,8.050000190734863,1186227
15m,2023-12-15 11:00:00,8.050000190734863,8.100000381469727,8.050000190734863,8.050000190734863,8.050000190734863,291600
15m,2023-12-15 11:15:00,8.050000190734863,8.100000381469727,8.050000190734863,8.100000381469727,8.100000381469727,1878006
15m,2023-12-15 11:30:00,8.050000190734863,8.100000381469727,8.050000190734863,8.050000190734863,8.050000190734863,1234454
15m,2023-12-15 11:45:00,8.050000190734863,8.050000190734863,8.050000190734863,8.050000190734863,8.050000190734863,1433010
15m,2023-12-15 12:00:00,8.050000190734863,8.050000190734863,8.050000190734863,8.050000190734863,8.050000190734863,107300
15m,2023-12-15 12:15:00,8.050000190734863,8.050000190734863,8.0,8.050000190734863,8.050000190734863,1980200
15m,2023-12-15 14:15:00,8.050000190734863,8.050000190734863,8.0,8.050000190734863,8.050000190734863,28201
15m,2023-12-15 14:30:00,8.0,8.050000190734863,8.0,8.050000190734863,8.050000190734863,208000
15m,2023-12-15 14:45:00,8.050000190734863,8.100000381469727,8.050000190734863,8.050000190734863,8.050000190734863,1773314
15m,2023-12-15 15:00:00,8.0,8.050000190734863,8.0,8.050000190734863,8.050000190734863,438600
15m,2023-12-15 15:15:00,8.050000190734863,8.100000381469727,8.050000190734863,8.050000190734863,8.050000190734863,372700
15m,2023-12-15 15:30:00,8.050000190734863,8.100000381469727,8.050000190734863,8.050000190734863,8.050000190734863,41700
15m,2023-12-15 15:45:00,8.050000190734863,8.100000381469727,8.050000190734863,8.050000190734863,8.050000190734863,124100
15m,2023-12-15 16:00:00,8.050000190734863,8.100000381469727,8.050000190734863,8.050000190734863,8.050000190734863,186110
15m,2023-12-15 16:15:00,8.050000190734863,8.100000381469727,8.050000190734863,8.050000190734863,8.050000190734863,916501
15m,2023-12-18 10:00:00,8.050000190734863,8.100000381469727,8.050000190734863,8.050000190734863,8.050000190734863,45400
15m,2023-12-18 10:15:00,8.050000190734863,8.100000381469727,8.050000190734863,8.050000190734863,8.050000190734863,41120
15m,2023-12-18 10:30:00,8.050000190734863,8.050000190734863,8.050000190734863,8.050000190734863,8.050000190734863,62300
15m,2023-12-18 10:45:00,8.050000190734863,8.050000190734863,8.050000190734863,8.050000190734863,8.050000190734863,5122
15m,2023-12-18 11:00:00,8.100000381469727,8.100000381469727,8.0,8.0,8.0,312018
15m,2023-12-18 11:15:00,8.0,8.050000190734863,8.0,8.050000190734863,8.050000190734863,5900
15m,2023-12-18 11:30:00,8.0,8.050000190734863,8.0,8.0,8.0,17200
15m,2023-12-18 11:45:00,8.0,8.050000190734863,8.0,8.0,8.0,11510
15m,2023-12-18 12:00:00,8.050000190734863,8.050000190734863,8.0,8.050000190734863,8.050000190734863,57100
15m,2023-12-18 12:15:00,8.0,8.050000190734863,8.0,8.050000190734863,8.050000190734863,22100
15m,2023-12-18 14:15:00,8.050000190734863,8.050000190734863,8.0,8.0,8.0,131900
15m,2023-12-18 14:30:00,8.0,8.050000190734863,8.0,8.0,8.0,32600
15m,2023-12-18 14:45:00,8.0,8.050000190734863,8.0,8.0,8.0,11401
15m,2023-12-18 15:00:00,8.050000190734863,8.050000190734863,8.0,8.050000190734863,8.050000190734863,8100
15m,2023-12-18 15:15:00,8.050000190734863,8.199999809265137,8.050000190734863,8.149999618530273,8.149999618530273,1500227
15m,2023-12-18 15:30:00,8.149999618530273,8.199999809265137,8.100000381469727,8.149999618530273,8.149999618530273,643338
15m,2023-12-18 15:45:00,8.199999809265137,8.199999809265137,8.149999618530273,8.149999618530273,8.149999618530273,206505
15m,2023-12-18 16:00:00,8.149999618530273,8.199999809265137,8.100000381469727,8.149999618530273,8.149999618530273,1383208
15m,2023-12-18 16:15:00,8.149999618530273,8.199999809265137,8.100000381469727,8.100000381469727,8.100000381469727,869625
15m,2023-12-19 10:00:00,8.100000381469727,8.199999809265137,8.100000381469727,8.100000381469727,8.100000381469727,459100
15m,2023-12-19 10:15:00,8.100000381469727,8.149999618530273,8.050000190734863,8.100000381469727,8.100000381469727,687000
15m,2023-12-19 10:30:00,8.100000381469727,8.100000381469727,8.100000381469727,8.100000381469727,8.100000381469727,42100
15m,2023-12-19 10:45:00,8.100000381469727,8.149999618530273,8.100000381469727,8.149999618530273,8.149999618530273,252100
15m,2023-12-19 11:00:00,8.149999618530273,8.199999809265137,8.149999618530273,8.199999809265137,8.199999809265137,12500
15m,2023-12-19 11:15:00,8.199999809265137,8.199999809265137,8.149999618530273,8.149999618530273,8.149999618530273,2517
15m,2023-12-19 11:30:00,8.149999618530273,8.149999618530273,8.149999618530273,8.149999618530273,8.149999618530273,31415
15m,2023-12-19 11:45:00,8.149999618530273,8.149999618530273,8.100000381469727,8.100000381469727,8.100000381469727,161629
15m,2023-12-19 12:00:00,8.100000381469727,8.100000381469727,8.100000381469727,8.100000381469727,8.100000381469727,3000
15m,2023-12-19 12:15:00,8.100000381469727,8.100000381469727,8.100000381469727,8.100000381469727,8.100000381469727,102140
15m,2023-12-19 14:15:00,8.100000381469727,8.100000381469727,8.100000381469727,8.100000381469727,8.100000381469727,15700
15m,2023-12-19 14:30:00,8.149999618530273,8.149999618530273,8.100000381469727,8.100000381469727,8.100000381469727,331600
15m,2023-12-19 14:45:00,8.100000381469727,8.100000381469727,8.100000381469727,8.100000381469727,8.100000381469727,1300
15m,2023-12-19 15:00:00,8.100000381469727,8.100000381469727,8.100000381469727,8.100000381469727,8.100000381469727,27500
15m,2023-12-19 15:15:00,8.149999618530273,8.149999618530273,8.149999618530273,8.149999618530273,8.149999618530273,1000
15m,2023-12-19 15:45:00,8.100000381469727,8.149999618530273,8.100000381469727,8.100000381469727,8.100000381469727,356100
15m,2023-12-19 16:00:00,8.100000381469727,8.100000381469727,8.100000381469727,8.100000381469727,8.100000381469727,7301
15m,2023-12-19 16:15:00,8.100000381469727,8.100000381469727,8.100000381469727,8.100000381469727,8.100000381469727,103400
15m,2023-12-20 10:00:00,8.199999809265137,8.199999809265137,8.149999618530273,8.199999809265137,8.199999809265137,3500
15m,2023-12-20 10:15:00,8.149999618530273,8.25,8.149999618530273,8.199999809265137,8.199999809265137,1005900
15m,2023-12-20 10:30:00,8.199999809265137,8.300000190734863,8.199999809265137,8.300000190734863,8.300000190734863,2416425
15m,2023-12-20 10:45:00,8.25,8.300000190734863,8.25,8.25,8.25,236512
15m,2023-12-20 11:00:00,8.25,8.300000190734863,8.25,8.300000190734863,8.300000190734863,93418
15m,2023-12-20 11:15:00,8.300000190734863,8.350000381469727,8.300000190734863,8.350000381469727,8.350000381469727,2416220
15m,2023-12-20 11:30:00,8.300000190734863,8.350000381469727,8.300000190734863,8.350000381469727,8.350000381469727,98200
15m,2023-12-20 11:45:00,8.350000381469727,8.399999618530273,8.300000190734863,8.399999618530273,8.399999618530273,1696208
15m,2023-12-20 12:00:00,8.399999618530273,8.399999618530273,8.300000190734863,8.300000190734863,8.300000190734863,3124081
15m,2023-12-20 12:15:00,8.300000190734863,8.350000381469727,8.300000190734863,8.300000190734863,8.300000190734863,1242300
15m,2023-12-20 14:15:00,8.350000381469727,8.350000381469727,8.350000381469727,8.350000381469727,8.350000381469727,512150
15m,2023-12-20 14:30:00,8.350000381469727,8.350000381469727,8.300000190734863,8.300000190734863,8.300000190734863,716120
15m,2023-12-20 14:45:00,8.350000381469727,8.350000381469727,8.300000190734863,8.300000190734863,8.300000190734863,161837
15m,2023-12-20 15:00:00,8.350000381469727,8.350000381469727,8.300000190734863,8.350000381469727,8.350000381469727,106400
15m,2023-12-20 15:15:00,8.350000381469727,8.350000381469727,8.300000190734863,8.300000190734863,8.300000190734863,152500
15m,2023-12-20 15:30:00,8.350000381469727,8.350000381469727,8.300000190734863,8.350000381469727,8.350000381469727,676400
15m,2023-12-20 15:45:00,8.300000190734863,8.399999618530273,8.300000190734863,8.350000381469727,8.350000381469727,863800
15m,2023-12-20 16:00:00,8.399999618530273,8.399999618530273,8.350000381469727,8.399999618530273,8.399999618530273,1758622
15m,2023-12-20 16:15:00,8.399999618530273,8.399999618530273,8.350000381469727,8.399999618530273,8.399999618530273,1907881
15m,2023-12-21 10:00:00,8.300000190734863,8.350000381469727,8.300000190734863,8.300000190734863,8.300000190734863,747140
15m,2023-12-21 10:15:00,8.350000381469727,8.350000381469727,8.300000190734863,8.350000381469727,8.350000381469727,728700
15m,2023-12-21 10:30:00,8.300000190734863,8.350000381469727,8.25,8.300000190734863,8.300000190734863,1720300
15m,2023-12-21 10:45:00,8.300000190734863,8.350000381469727,8.25,8.350000381469727,8.350000381469727,566410
15m,2023-12-21 11:00:00,8.300000190734863,8.350000381469727,8.25,8.25,8.25,477800
15m,2023-12-21 11:15:00,8.25,8.300000190734863,8.25,8.300000190734863,8.300000190734863,57900
15m,2023-12-21 11:30:00,8.300000190734863,8.300000190734863,8.25,8.25,8.25,139034
15m,2023-12-21 11:45:00,8.25,8.300000190734863,8.199999809265137,8.25,8.25,413900
15m,2023-12-21 12:00:00,8.199999809265137,8.25,8.199999809265137,8.199999809265137,8.199999809265137,1209715
15m,2023-12-21 12:15:00,8.199999809265137,8.25,8.199999809265137,8.25,8.25,222000
15m,2023-12-21 14:15:00,8.25,8.25,8.25,8.25,8.25,113000
15m,2023-12-21 14:30:00,8.25,8.25,8.199999809265137,8.25,8.25,215100
15m,2023-12-21 14:45:00,8.25,8.300000190734863,8.25,8.25,8.25,189400
15m,2023-12-21 15:00:00,8.25,8.300000190734863,8.149999618530273,8.25,8.25,1437800
15m,2023-12-21 15:15:00,8.25,8.25,8.25,8.25,8.25,881200
15m,2023-12-21 15:30:00,8.199999809265137,8.25,8.199999809265137,8.25,8.25,852912
15m,2023-12-21 15:45:00,8.25,8.300000190734863,8.25,8.25,8.25,65501
15m,2023-12-21 16:00:00,8.25,8.399999618530273,8.25,8.350000381469727,8.350000381469727,3105970
15m,2023-12-21 16:15:00,8.350000381469727,8.399999618530273,8.350000381469727,8.350000381469727,8.350000381469727,675900
15m,2023-12-22 10:00:00,8.350000381469727,8.399999618530273,8.300000190734863,8.350000381469727,8.350000381469727,1594000
15m,2023-12-22 10:15:00,8.350000381469727,8.399999618530273,8.350000381469727,8.399999618530273,8.399999618530273,29150
15m,2023-12-22 10:30:00,8.399999618530273,8.449999809265137,8.399999618530273,8.399999618530273,8.399999618530273,836500
15m,2023-12-22 10:45:00,8.399999618530273,8.399999618530273,8.399999618530273,8.399999618530273,8.399999618530273,528100
15m,2023-12-22 11:00:00,8.399999618530273,8.5,8.399999618530273,8.5,8.5,1677400
15m,2023-12-22 11:15:00,8.449999809265137,8.550000190734863,8.449999809265137,8.449999809265137,8.449999809265137,2875985
15m,2023-12-22 11:30:00,8.449999809265137,8.5,8.449999809265137,8.5,8.5,13405
15m,2023-12-22 11:45:00,8.5,8.5,8.449999809265137,8.5,8.5,32905
15m,2023-12-22 12:00:00,8.5,8.5,8.449999809265137,8.5,8.5,395400
15m,2023-12-22 12:15:00,8.5,8.5,8.449999809265137,8.5,8.5,135800
15m,2023-12-22 14:15:00,8.5,8.550000190734863,8.5,8.550000190734863,8.550000190734863,773600
15m,2023-12-22 14:30:00,8.550000190734863,8.550000190734863,8.449999809265137,8.5,8.5,1122502
15m,2023-12-22 14:45:00,8.5,8.550000190734863,8.5,8.5,8.5,38223
15m,2023-12-22 15:00:00,8.5,8.550000190734863,8.5,8.550000190734863,8.550000190734863,217400
15m,2023-12-22 15:15:00,8.550000190734863,8.600000381469727,8.5,8.550000190734863,8.550000190734863,2763098
15m,2023-12-22 15:30:00,8.5,8.550000190734863,8.5,8.5,8.5,54903
15m,2023-12-22 15:45:00,8.5,8.550000190734863,8.5,8.550000190734863,8.550000190734863,59800
15m,2023-12-22 16:00:00,8.5,8.550000190734863,8.5,8.550000190734863,8.550000190734863,354770
15m,2023-12-22 16:15:00,8.550000190734863,8.550000190734863,8.5,8.5,8.5,666289
15m,2023-12-25 10:00:00,8.5,8.5,8.449999809265137,8.449999809265137,8.449999809265137,13101
15m,2023-12-25 10:15:00,8.5,8.5,8.449999809265137,8.449999809265137,8.449999809265137,18111
15m,2023-12-25 10:30:00,8.5,8.5,8.449999809265137,8.449999809265137,8.449999809265137,122000
15m,2023-12-25 10:45:00,8.5,8.5,8.449999809265137,8.449999809265137,8.449999809265137,25412
15m,2023-12-25 11:00:00,8.449999809265137,8.5,8.399999618530273,8.399999618530273,8.399999618530273,532000
15m,2023-12-25 11:15:00,8.399999618530273,8.449999809265137,8.399999618530273,8.399999618530273,8.399999618530273,634160
15m,2023-12-25 11:30:00,8.399999618530273,8.399999618530273,8.350000381469727,8.350000381469727,8.350000381469727,145001
15m,2023-12-25 11:45:00,8.350000381469727,8.399999618530273,8.350000381469727,8.350000381469727,8.350000381469727,17820
15m,2023-12-25 12:00:00,8.350000381469727,8.350000381469727,8.350000381469727,8.350000381469727,8.350000381469727,1900
15m,2023-12-25 12:15:00,8.399999618530273,8.399999618530273,8.350000381469727,8.350000381469727,8.350000381469727,18400
15m,2023-12-25 14:15:00,8.399999618530273,8.399999618530273,8.399999618530273,8.399999618530273,8.399999618530273,56800
15m,2023-12-25 14:30:00,8.399999618530273,8.449999809265137,8.399999618530273,8.449999809265137,8.449999809265137,846800
15m,2023-12-25 14:45:00,8.449999809265137,8.550000190734863,8.449999809265137,8.550000190734863,8.550000190734863,1649200
15m,2023-12-25 15:00:00,8.5,8.600000381469727,8.5,8.550000190734863,8.550000190734863,663916
15m,2023-12-25 15:15:00,8.550000190734863,8.600000381469727,8.550000190734863,8.550000190734863,8.550000190734863,453901
15m,2023-12-25 15:30:00,8.550000190734863,8.550000190734863,8.5,8.5,8.5,363405
15m,2023-12-25 15:45:00,8.5,8.5,8.5,8.5,8.5,584074
15m,2023-12-25 16:00:00,8.5,8.550000190734863,8.5,8.550000190734863,8.550000190734863,975200
15m,2023-12-25 16:15:00,8.550000190734863,8.600000381469727,8.5,8.5,8.5,735436
15m,2023-12-26 10:00:00,8.550000190734863,8.550000190734863,8.449999809265137,8.5,8.5,109001
15m,2023-12-26 10:15:00,8.449999809265137,8.5,8.449999809265137,8.449999809265137,8.449999809265137,208200
15m,2023-12-26 10:30:00,8.449999809265137,8.5,8.399999618530273,8.5,8.5,378788
15m,2023-12-26 10:45:00,8.449999809265137,8.449999809265137,8.449999809265137,8.449999809265137,8.449999809265137,1000
15m,2023-12-26 11:00:00,8.449999809265137,8.5,8.449999809265137,8.449999809265137,8.449999809265137,20500
15m,2023-12-26 11:15:00,8.449999809265137,8.449999809265137,8.449999809265137,8.449999809265137,8.449999809265137,64820
15m,2023-12-26 11:30:00,8.449999809265137,8.5,8.449999809265137,8.449999809265137,8.449999809265137,8325
15m,2023-12-26 11:45:00,8.449999809265137,8.5,8.399999618530273,8.399999618530273,8.399999618530273,764401
15m,2023-12-26 12:00:00,8.399999618530273,8.449999809265137,8.399999618530273,8.399999618530273,8.399999618530273,8300
15m,2023-12-26 12:15:00,8.449999809265137,8.449999809265137,8.350000381469727,8.350000381469727,8.350000381469727,637299
15m,2023-12-26 14:15:00,8.399999618530273,8.399999618530273,8.399999618530273,8.399999618530273,8.399999618530273,110200
15m,2023-12-26 14:30:00,8.399999618530273,8.399999618530273,8.350000381469727,8.399999618530273,8.399999618530273,1438956
15m,2023-12-26 14:45:00,8.350000381469727,8.399999618530273,8.350000381469727,8.399999618530273,8.399999618530273,182326
15m,2023-12-26 15:00:00,8.350000381469727,8.449999809265137,8.350000381469727,8.350000381469727,8.350000381469727,754500
15m,2023-12-26 15:15:00,8.350000381469727,8.399999618530273,8.350000381469727,8.399999618530273,8.399999618530273,61600
15m,2023-12-26 15:30:00,8.350000381469727,8.399999618530273,8.350000381469727,8.350000381469727,8.350000381469727,21432
15m,2023-12-26 15:45:00,8.399999618530273,8.399999618530273,8.350000381469727,8.350000381469727,8.350000381469727,236900
15m,2023-12-26 16:00:00,8.350000381469727,8.399999618530273,8.300000190734863,8.399999618530273,8.399999618530273,1170501
15m,2023-12-26 16:15:00,8.350000381469727,8.399999618530273,8.350000381469727,8.399999618530273,8.399999618530273,604000
15m,2023-12-27 10:00:00,8.5,8.5,8.399999618530273,8.449999809265137,8.449999809265137,680300
15m,2023-12-27 10:15:00,8.449999809265137,8.5,8.399999618530273,8.449999809265137,8.449999809265137,751902
15m,2023-12-27 10:30:00,8.449999809265137,8.449999809265137,8.399999618530273,8.449999809265137,8.449999809265137,334800
15m,2023-12-27 10:45:00,8.449999809265137,8.449999809265137,8.399999618530273,8.449999809265137,8.449999809265137,268800
15m,2023-12-27 11:00:00,8.449999809265137,8.449999809265137,8.350000381469727,8.350000381469727,8.350000381469727,1087800
15m,2023-12-27 11:15:00,8.350000381469727,8.399999618530273,8.350000381469727,8.399999618530273,8.399999618530273,72700
15m,2023-12-27 11:30:00,8.350000381469727,8.399999618530273,8.350000381469727,8.350000381469727,8.350000381469727,39300
15m,2023-12-27 11:45:00,8.399999618530273,8.399999618530273,8.350000381469727,8.350000381469727,8.350000381469727,700
15m,2023-12-27 12:00:00,8.399999618530273,8.399999618530273,8.350000381469727,8.350000381469727,8.350000381469727,690001
15m,2023-12-27 12:15:00,8.350000381469727,8.399999618530273,8.350000381469727,8.350000381469727,8.350000381469727,112206
15m,2023-12-27 14:15:00,8.350000381469727,8.350000381469727,8.350000381469727,8.350000381469727,8.350000381469727,190511
15m,2023-12-27 14:30:00,8.350000381469727,8.399999618530273,8.350000381469727,8.399999618530273,8.399999618530273,812406
15m,2023-12-27 14:45:00,8.399999618530273,8.399999618530273,8.350000381469727,8.399999618530273,8.399999618530273,356600
15m,2023-12-27 15:00:00,8.399999618530273,8.399999618530273,8.399999618530273,8.399999618530273,8.399999618530273,45900
15m,2023-12-27 15:15:00,8.350000381469727,8.350000381469727,8.350000381469727,8.350000381469727,8.350000381469727,836800
15m,2023-12-27 15:30:00,8.399999618530273,8.399999618530273,8.350000381469727,8.350000381469727,8.350000381469727,47000
15m,2023-12-27 15:45:00,8.350000381469727,8.399999618530273,8.350000381469727,8.350000381469727,8.350000381469727,241300
15m,2023-12-27 16:00:00,8.350000381469727,8.399999618530273,8.350000381469727,8.350000381469727,8.350000381469727,386200
15m,2023-12-27 16:15:00,8.350000381469727,8.399999618530273,8.350000381469727,8.350000381469727,8.350000381469727,693000
15m,2023-12-28 10:00:00,8.350000381469727,8.350000381469727,8.300000190734863,8.300000190734863,8.300000190734863,146300
15m,2023-12-28 10:15:00,8.350000381469727,8.399999618530273,8.300000190734863,8.300000190734863,8.300000190734863,253203
15m,2023-12-28 10:30:00,8.300000190734863,8.350000381469727,8.300000190734863,8.350000381469727,8.350000381469727,46800
15m,2023-12-28 10:45:00,8.350000381469727,8.399999618530273,8.350000381469727,8.399999618530273,8.399999618530273,114835
15m,2023-12-28 11:15:00,8.350000381469727,8.350000381469727,8.350000381469727,8.350000381469727,8.350000381469727,3500
15m,2023-12-28 11:30:00,8.350000381469727,8.350000381469727,8.350000381469727,8.350000381469727,8.350000381469727,23000
15m,2023-12-28 11:45:00,8.350000381469727,8.350000381469727,8.350000381469727,8.350000381469727,8.350000381469727,23900
15m,2023-12-28 12:00:00,8.350000381469727,8.399999618530273,8.350000381469727,8.350000381469727,8.350000381469727,1000
15m,2023-12-28 12:15:00,8.350000381469727,8.350000381469727,8.350000381469727,8.350000381469727,8.350000381469727,10200
15m,2023-12-28 14:15:00,8.399999618530273,8.399999618530273,8.350000381469727,8.350000381469727,8.350000381469727,3400
15m,2023-12-28 14:30:00,8.350000381469727,8.399999618530273,8.300000190734863,8.300000190734863,8.300000190734863,537412
15m,2023-12-28 14:45:00,8.300000190734863,8.350000381469727,8.300000190734863,8.350000381469727,8.350000381469727,152500
15m,2023-12-28 15:00:00,8.350000381469727,8.350000381469727,8.300000190734863,8.350000381469727,8.350000381469727,40400
15m,2023-12-28 15:15:00,8.350000381469727,8.350000381469727,8.25,8.300000190734863,8.300000190734863,788231
15m,2023-12-28 15:30:00,8.300000190734863,8.350000381469727,8.25,8.350000381469727,8.350000381469727,447500
15m,2023-12-28 15:45:00,8.300000190734863,8.350000381469727,8.300000190734863,8.300000190734863,8.300000190734863,1211723
15m,2023-12-28 16:00:00,8.300000190734863,8.300000190734863,8.300000190734863,8.300000190734863,8.300000190734863,334441
15m,2023-12-28 16:15:00,8.300000190734863,8.300000190734863,8.25,8.300000190734863,8.300000190734863,1949321
15m,2024-01-03 10:00:00,8.300000190734863,8.350000381469727,8.25,8.300000190734863,8.300000190734863,388650
15m,2024-01-03 10:15:00,8.350000381469727,8.350000381469727,8.300000190734863,8.300000190734863,8.300000190734863,182313
15m,2024-01-03 10:30:00,8.300000190734863,8.399999618530273,8.300000190734863,8.350000381469727,8.350000381469727,627303
15m,2024-01-03 10:45:00,8.399999618530273,8.399999618530273,8.300000190734863,8.300000190734863,8.300000190734863,693110
15m,2024-01-03 11:00:00,8.300000190734863,8.399999618530273,8.300000190734863,8.350000381469727,8.350000381469727,666500
15m,2024-01-03 11:15:00,8.350000381469727,8.399999618530273,8.300000190734863,8.350000381469727,8.350000381469727,892200
15m,2024-01-03 11:30:00,8.399999618530273,8.399999618530273,8.350000381469727,8.350000381469727,8.350000381469727,157000
15m,2024-01-03 11:45:00,8.350000381469727,8.449999809265137,8.350000381469727,8.449999809265137,8.449999809265137,955700
15m,2024-01-03 12:00:00,8.399999618530273,8.449999809265137,8.350000381469727,8.350000381469727,8.350000381469727,862200
15m,2024-01-03 12:15:00,8.350000381469727,8.399999618530273,8.350000381469727,8.350000381469727,8.350000381469727,22800
15m,2024-01-03 14:15:00,8.399999618530273,8.399999618530273,8.350000381469727,8.350000381469727,8.350000381469727,64100
15m,2024-01-03 14:30:00,8.350000381469727,8.399999618530273,8.350000381469727,8.350000381469727,8.350000381469727,98900
15m,2024-01-03 14:45:00,8.350000381469727,8.399999618530273,8.350000381469727,8.350000381469727,8.350000381469727,522874
15m,2024-01-03 15:00:00,8.350000381469727,8.399999618530273,8.350000381469727,8.350000381469727,8.350000381469727,210000
15m,2024-01-03 15:15:00,8.350000381469727,8.399999618530273,8.300000190734863,8.350000381469727,8.350000381469727,970640
15m,2024-01-03 15:30:00,8.399999618530273,8.399999618530273,8.350000381469727,8.350000381469727,8.350000381469727,197800
15m,2024-01-03 15:45:00,8.350000381469727,8.399999618530273,8.300000190734863,8.300000190734863,8.300000190734863,505940
15m,2024-01-03 16:00:00,8.300000190734863,8.399999618530273,8.300000190734863,8.399999618530273,8.399999618530273,680905
15m,2024-01-03 16:15:00,8.350000381469727,8.399999618530273,8.350000381469727,8.350000381469727,8.350000381469727,312015
15m,2024-01-04 10:00:00,8.600000381469727,8.75,8.600000381469727,8.699999809265137,8.699999809265137,3187845
15m,2024-01-04 10:15:00,8.649999618530273,8.699999809265137,8.550000190734863,8.600000381469727,8.600000381469727,4123110
15m,2024-01-04 10:30:00,8.550000190734863,8.600000381469727,8.449999809265137,8.5,8.5,9995702
15m,2024-01-04 10:45:00,8.5,8.550000190734863,8.449999809265137,8.550000190734863,8.550000190734863,3779600
15m,2024-01-04 11:00:00,8.5,8.550000190734863,8.5,8.550000190734863,8.550000190734863,1091791
15m,2024-01-04 11:15:00,8.5,8.550000190734863,8.5,8.550000190734863,8.550000190734863,159129
15m,2024-01-04 11:30:00,8.550000190734863,8.550000190734863,8.5,8.5,8.5,187402
15m,2024-01-04 11:45:00,8.550000190734863,8.550000190734863,8.449999809265137,8.449999809265137,8.449999809265137,1410714
15m,2024-01-04 12:00:00,8.449999809265137,8.5,8.449999809265137,8.449999809265137,8.449999809265137,1012101
15m,2024-01-04 12:15:00,8.399999618530273,8.5,8.399999618530273,8.5,8.5,2039010
15m,2024-01-04 14:15:00,8.5,8.550000190734863,8.5,8.550000190734863,8.550000190734863,378300
15m,2024-01-04 14:30:00,8.5,8.550000190734863,8.5,8.5,8.5,581500
15m,2024-01-04 14:45:00,8.5,8.550000190734863,8.5,8.5,8.5,287200
15m,2024-01-04 15:00:00,8.5,8.550000190734863,8.5,8.550000190734863,8.550000190734863,2118301
15m,2024-01-04 15:15:00,8.5,8.550000190734863,8.5,8.5,8.5,78505
15m,2024-01-04 15:30:00,8.550000190734863,8.600000381469727,8.5,8.600000381469727,8.600000381469727,1314803
15m,2024-01-04 15:45:00,8.600000381469727,8.600000381469727,8.5,8.5,8.5,1469200
15m,2024-01-04 16:00:00,8.550000190734863,8.550000190734863,8.5,8.5,8.5,498299
15m,2024-01-04 16:15:00,8.550000190734863,8.550000190734863,8.5,8.5,8.5,774040
15m,2024-01-05 10:00:00,8.550000190734863,8.600000381469727,8.5,8.550000190734863,8.550000190734863,1383000
15m,2024-01-05 10:15:00,8.600000381469727,8.600000381469727,8.550000190734863,8.550000190734863,8.550000190734863,430108
15m,2024-01-05 10:30:00,8.600000381469727,8.600000381469727,8.5,8.600000381469727,8.600000381469727,980481
15m,2024-01-05 10:45:00,8.550000190734863,8.600000381469727,8.550000190734863,8.550000190734863,8.550000190734863,162526
15m,2024-01-05 11:00:00,8.600000381469727,8.600000381469727,8.550000190734863,8.600000381469727,8.600000381469727,187540
15m,2024-01-05 11:15:00,8.550000190734863,8.600000381469727,8.550000190734863,8.550000190734863,8.550000190734863,1110645
15m,2024-01-05 11:30:00,8.550000190734863,8.600000381469727,8.550000190734863,8.600000381469727,8.600000381469727,127910
15m,2024-01-05 11:45:00,8.550000190734863,8.600000381469727,8.550000190734863,8.550000190734863,8.550000190734863,219810
15m,2024-01-05 12:00:00,8.600000381469727,8.600000381469727,8.550000190734863,8.600000381469727,8.600000381469727,113600
15m,2024-01-05 12:15:00,8.550000190734863,8.600000381469727,8.550000190734863,8.600000381469727,8.600000381469727,163201
15m,2024-01-05 14:15:00,8.600000381469727,8.600000381469727,8.550000190734863,8.550000190734863,8.550000190734863,103200
15m,2024-01-05 14:30:00,8.600000381469727,8.600000381469727,8.550000190734863,8.600000381469727,8.600000381469727,242200
15m,2024-01-05 14:45:00,8.550000190734863,8.649999618530273,8.550000190734863,8.550000190734863,8.550000190734863,2421300
15m,2024-01-05 15:00:00,8.550000190734863,8.649999618530273,8.550000190734863,8.600000381469727,8.600000381469727,2517349
15m,2024-01-05 15:15:00,8.600000381469727,8.649999618530273,8.5,8.550000190734863,8.550000190734863,2891525
15m,2024-01-05 15:30:00,8.550000190734863,8.600000381469727,8.449999809265137,8.5,8.5,3804060
15m,2024-01-05 15:45:00,8.550000190734863,8.550000190734863,8.449999809265137,8.550000190734863,8.550000190734863,1084419
15m,2024-01-05 16:00:00,8.5,8.550000190734863,8.449999809265137,8.449999809265137,8.449999809265137,462100
15m,2024-01-05 16:15:00,8.449999809265137,8.5,8.449999809265137,8.449999809265137,8.449999809265137,124701
15m,2024-01-08 10:00:00,8.449999809265137,8.449999809265137,8.399999618530273,8.399999618530273,8.399999618530273,1340600
15m,2024-01-08 10:15:00,8.449999809265137,8.5,8.399999618530273,8.449999809265137,8.449999809265137,1322600
15m,2024-01-08 10:30:00,8.449999809265137,8.550000190734863,8.399999618530273,8.5,8.5,722010
15m,2024-01-08 10:45:00,8.449999809265137,8.550000190734863,8.449999809265137,8.5,8.5,462500
15m,2024-01-08 11:00:00,8.5,8.5,8.399999618530273,8.399999618530273,8.399999618530273,916100
15m,2024-01-08 11:15:00,8.449999809265137,8.449999809265137,8.399999618530273,8.399999618530273,8.399999618530273,1818524
15m,2024-01-08 11:30:00,8.449999809265137,8.449999809265137,8.399999618530273,8.449999809265137,8.449999809265137,134200
15m,2024-01-08 11:45:00,8.449999809265137,8.449999809265137,8.399999618530273,8.399999618530273,8.399999618530273,38702
15m,2024-01-08 12:00:00,8.449999809265137,8.449999809265137,8.399999618530273,8.449999809265137,8.449999809265137,51700
15m,2024-01-08 12:15:00,8.449999809265137,8.5,8.399999618530273,8.449999809265137,8.449999809265137,379800
15m,2024-01-08 14:15:00,8.399999618530273,8.449999809265137,8.399999618530273,8.449999809265137,8.449999809265137,12000
15m,2024-01-08 14:30:00,8.449999809265137,8.449999809265137,8.399999618530273,8.399999618530273,8.399999618530273,1701600
15m,2024-01-08 14:45:00,8.449999809265137,8.449999809265137,8.399999618530273,8.449999809265137,8.449999809265137,107609
15m,2024-01-08 15:00:00,8.399999618530273,8.449999809265137,8.399999618530273,8.449999809265137,8.449999809265137,117904
15m,2024-01-08 15:15:00,8.449999809265137,8.449999809265137,8.399999618530273,8.399999618530273,8.399999618530273,228000
15m,2024-01-08 15:30:00,8.399999618530273,8.449999809265137,8.399999618530273,8.449999809265137,8.449999809265137,195000
15m,2024-01-08 15:45:00,8.399999618530273,8.5,8.399999618530273,8.449999809265137,8.449999809265137,904000
15m,2024-01-08 16:00:00,8.449999809265137,8.449999809265137,8.399999618530273,8.449999809265137,8.449999809265137,569601
15m,2024-01-08 16:15:00,8.449999809265137,8.449999809265137,8.399999618530273,8.449999809265137,8.449999809265137,198360
